mtllib terrain_valley.mtl
# real terrain valley world: x[-1200,1200] z[-600,600] y[0,~100], flat center
v -955.115 2.867 600.000
vn 0.0018 1.0000 0.0024
v -1200.000 2.084 321.506
vn 0.0012 0.9999 0.0114
v -1200.000 2.636 600.000
vn -0.0009 1.0000 -0.0020
v -949.638 4.228 394.727
vn 0.0011 1.0000 0.0007
v -945.885 3.291 214.293
vn 0.0063 0.9992 0.0402
v -1119.653 4.648 200.084
vn -0.0065 0.9983 0.0572
v -1200.000 9.685 93.157
vn -0.0154 0.9956 0.0923
v -798.521 2.641 323.377
vn 0.0048 1.0000 0.0063
v -679.481 2.071 328.259
vn 0.0051 1.0000 0.0019
v -426.447 1.984 600.000
vn 0.0015 1.0000 -0.0025
v -841.550 4.804 162.759
vn 0.0314 0.9991 0.0275
v -1017.311 11.375 127.440
vn -0.0266 0.9977 0.0616
v -884.380 13.853 64.999
vn 0.0574 0.9958 0.0708
v -799.243 2.437 129.703
vn 0.0200 0.9984 0.0527
v -1133.505 13.547 71.240
vn -0.0459 0.9892 0.1389
v -1072.317 10.062 121.460
vn 0.0043 0.9970 0.0767
v -1183.396 23.014 -4.351
vn -0.0816 0.9850 0.1519
v -1200.000 28.769 -52.344
vn -0.0064 0.9591 0.2831
v -1027.945 11.295 47.953
vn 0.0121 0.9986 0.0513
v -974.345 20.307 42.288
vn -0.0407 0.9987 0.0290
v -1088.957 20.116 49.992
vn 0.0497 0.9925 0.1116
v -1125.822 23.504 25.889
vn 0.0098 0.9801 0.1983
v -1064.994 19.969 -6.132
vn 0.1743 0.9785 0.1102
v -1167.421 26.052 -30.662
vn -0.0830 0.9769 0.1969
v -1136.440 30.662 -1.264
vn -0.0816 0.9847 0.1539
v -1076.797 30.342 -40.331
vn 0.1771 0.9800 0.0903
v -1035.425 19.269 -60.873
vn 0.1339 0.9799 0.1478
v -1002.968 19.056 -59.655
vn -0.1044 0.9846 0.1402
v -1147.093 38.309 -77.115
vn 0.0984 0.9862 0.1332
v -1176.607 53.756 -103.767
vn 0.2616 0.9488 0.1769
v -1200.000 64.037 -113.456
vn 0.2954 0.9188 0.2617
v -1124.725 33.912 -104.747
vn 0.1240 0.9878 0.0945
v -1064.406 27.569 -82.506
vn 0.0797 0.9499 0.3022
v -1015.030 30.221 -100.524
vn 0.0548 0.9473 0.3155
v -1200.000 64.630 -159.709
vn 0.2321 0.9682 0.0931
v -1151.297 40.425 -128.438
vn 0.2751 0.9525 0.1306
v -1124.690 38.096 -134.489
vn -0.1525 0.9031 0.4013
v -1087.326 41.875 -115.122
vn -0.1594 0.8809 0.4456
v -1042.137 43.770 -110.985
vn 0.1728 0.9180 0.3571
v -1177.868 71.910 -200.062
vn -0.0688 0.9675 0.2433
v -1099.132 68.981 -156.052
vn -0.1512 0.8374 0.5253
v -1131.890 81.200 -200.143
vn -0.1865 0.9340 0.3048
v -1041.836 45.409 -148.515
vn 0.2072 0.9158 0.3440
v -1200.000 68.911 -238.208
vn -0.2960 0.9373 0.1840
v -1137.323 84.531 -251.174
vn -0.0766 0.9908 0.1116
v -1101.479 79.623 -169.494
vn 0.1362 0.9378 0.3193
v -1106.921 77.176 -195.834
vn 0.0116 0.9933 0.1146
v -1070.640 72.957 -181.562
vn 0.3472 0.9351 0.0707
v -1050.118 59.554 -171.469
vn 0.1517 0.9682 0.1991
v -1101.966 85.867 -213.527
vn 0.1875 0.9778 0.0939
v -1052.575 56.124 -196.417
vn 0.2143 0.9748 0.0624
v -982.854 44.948 -133.010
vn 0.0113 0.9179 0.3967
v -1176.895 95.319 -285.778
vn 0.0465 0.9789 -0.1991
v -1200.000 85.206 -313.703
vn -0.1102 0.9506 -0.2901
v -1134.273 82.546 -293.587
vn 0.2180 0.9054 -0.3644
v -1108.598 85.365 -267.245
vn 0.2916 0.8937 -0.3408
v -1056.617 61.756 -246.225
vn 0.2549 0.9415 -0.2204
v -1009.170 56.791 -195.515
vn -0.1362 0.9905 -0.0173
v -981.885 66.218 -172.785
vn -0.0562 0.9462 0.3185
v -997.257 65.255 -227.238
vn -0.2905 0.9566 -0.0210
v -1031.448 69.407 -225.878
vn -0.0122 0.9943 -0.1063
v -1020.137 37.305 -279.281
vn -0.1088 0.9570 -0.2688
v -1066.836 38.709 -299.038
vn 0.2641 0.9072 -0.3274
v -1105.473 49.830 -299.014
vn 0.4331 0.8103 -0.3949
v -1184.320 71.642 -334.053
vn 0.0725 0.9683 -0.2392
v -1154.076 71.755 -306.979
vn 0.0739 0.9102 -0.4076
v -1200.000 68.941 -341.977
vn -0.0228 0.9592 -0.2818
v -1153.457 65.585 -339.048
vn 0.1196 0.9732 -0.1964
v -1200.000 66.480 -393.000
vn -0.0071 0.9961 -0.0879
v -1184.320 72.671 -368.298
vn 0.1499 0.9770 -0.1515
v -1095.346 43.637 -326.466
vn 0.2412 0.9681 0.0671
v -1070.602 35.340 -340.302
vn 0.1828 0.9767 0.1128
v -1023.458 34.270 -319.005
vn -0.2619 0.9639 -0.0475
v -991.199 60.184 -284.123
vn -0.2374 0.9474 -0.2146
v -1136.115 55.562 -351.973
vn 0.3255 0.9315 -0.1625
v -1180.292 58.128 -409.681
vn 0.1301 0.9914 -0.0136
v -1200.000 66.822 -446.715
vn -0.1858 0.9041 0.3847
v -1127.581 57.395 -377.725
vn -0.1085 0.9551 0.2759
v -1098.540 57.254 -368.516
vn 0.2419 0.9383 0.2470
v -1159.149 61.868 -418.697
vn -0.2520 0.8848 0.3920
v -1134.636 83.294 -429.361
vn -0.0230 0.9325 0.3603
v -1098.083 62.129 -421.829
vn 0.2230 0.9319 0.2861
v -1068.213 53.653 -416.161
vn 0.0944 0.9290 0.3578
v -1178.270 95.850 -477.605
vn -0.0380 0.9987 0.0351
v -1141.980 88.966 -469.987
vn 0.1422 0.9878 -0.0628
v -1200.000 92.007 -499.490
vn -0.2165 0.9753 -0.0436
v -1168.323 77.144 -510.385
vn 0.2417 0.9512 -0.1919
v -1111.839 91.163 -481.249
vn -0.0697 0.9973 0.0244
v -1083.403 96.831 -479.735
vn 0.0703 0.9917 0.1076
v -1147.855 73.803 -526.943
vn -0.1476 0.9888 0.0222
v -1186.762 90.606 -584.013
vn 0.0755 0.9958 -0.0519
v -1186.909 85.565 -600.000
vn -0.3147 0.9447 0.0925
v -1161.563 82.482 -595.335
vn 0.0628 0.9853 0.1589
v -1146.498 87.089 -600.000
vn -0.1370 0.9720 0.1911
v -1124.078 86.550 -540.224
vn -0.0101 0.9978 0.0655
v -1100.196 74.714 -526.918
vn 0.0765 0.9946 -0.0698
v -1120.223 92.508 -567.948
vn -0.0421 0.9979 0.0482
v -1098.156 79.647 -600.000
vn 0.0840 0.8820 -0.4637
v -1069.174 81.016 -546.222
vn 0.1604 0.9842 0.0745
v -1066.571 83.606 -512.154
vn 0.0223 0.9785 -0.2050
v -1089.328 89.641 -584.058
vn 0.2494 0.9397 -0.2339
v -1047.828 71.770 -546.967
vn 0.1721 0.9671 -0.1875
v -1047.395 62.172 -600.000
vn 0.2075 0.9513 -0.2282
v -1025.044 74.997 -555.582
vn 0.1740 0.9566 -0.2338
v -1016.136 56.119 -586.154
vn 0.0659 0.9703 -0.2329
v -999.988 59.868 -600.000
vn -0.3222 0.9416 -0.0982
v -1009.828 69.951 -555.362
vn -0.0757 0.9959 -0.0501
v -960.582 83.772 -600.000
vn -0.2738 0.9539 -0.1229
v -1031.863 86.120 -499.177
vn 0.2903 0.9569 -0.0005
v -1010.444 63.964 -530.863
vn 0.2242 0.9740 -0.0336
v -1054.855 84.889 -474.478
vn 0.1195 0.9726 0.1994
v -1027.733 76.419 -447.324
vn 0.2497 0.9161 0.3136
v -941.669 71.250 -525.439
vn -0.2727 0.9616 -0.0296
v -950.589 70.052 -552.849
vn -0.2902 0.9360 0.1993
v -986.179 70.209 -502.219
vn 0.0486 0.9827 -0.1790
v -1016.322 73.772 -485.646
vn 0.2373 0.9594 0.1527
v -933.830 93.964 -590.855
vn -0.2434 0.9697 -0.0232
v -910.786 83.672 -600.000
vn 0.1500 0.9046 -0.3990
v -965.267 84.898 -470.772
vn -0.2304 0.9725 0.0333
v -1004.499 60.214 -449.165
vn 0.1149 0.9413 0.3175
v -917.709 91.672 -566.432
vn -0.0313 0.9987 0.0395
v -1013.333 39.594 -389.041
vn -0.0434 0.9693 0.2421
v -1043.722 51.985 -399.135
vn 0.0322 0.9254 0.3777
v -939.762 83.618 -483.894
vn -0.0598 0.9703 -0.2342
v -923.227 82.321 -509.740
vn -0.0615 0.9941 -0.0893
v -879.823 84.119 -587.995
vn 0.2763 0.9607 0.0277
v -841.642 72.250 -600.000
vn 0.0052 0.9659 -0.2588
v -971.960 51.618 -412.122
vn -0.4195 0.8971 0.1383
v -934.922 95.134 -453.570
vn -0.2236 0.9722 0.0691
v -984.249 56.131 -377.311
vn -0.4097 0.9122 0.0044
v -934.240 76.949 -403.535
vn -0.3244 0.9416 0.0906
v -899.214 91.563 -445.933
vn 0.1481 0.9881 -0.0421
v -880.871 88.784 -486.338
vn -0.0225 0.9827 -0.1837
v -887.993 85.244 -458.044
vn 0.2325 0.9725 -0.0129
v -889.005 75.598 -510.061
vn 0.1331 0.9802 -0.1466
v -860.256 69.431 -571.306
vn 0.0675 0.9846 0.1615
v -845.086 68.738 -563.841
vn -0.3110 0.9476 -0.0731
v -836.448 79.804 -540.380
vn 0.0819 0.9966 -0.0008
v -868.243 79.323 -433.674
vn 0.1097 0.9928 -0.0487
v -896.444 85.562 -400.763
vn -0.0487 0.9944 -0.0939
v -910.297 83.418 -351.024
vn -0.3477 0.9243 0.1572
v -830.706 82.320 -580.055
vn -0.1425 0.9892 -0.0351
v -818.818 74.715 -587.361
vn 0.0922 0.9951 -0.0342
v -813.324 77.604 -511.087
vn 0.0472 0.9928 -0.1104
v -858.342 89.101 -374.575
vn 0.1202 0.9927 0.0037
v -840.747 81.828 -444.533
vn -0.2176 0.9632 -0.1576
v -876.422 98.586 -368.703
vn 0.0928 0.9869 0.1320
v -799.723 75.890 -542.427
vn -0.1387 0.9847 0.1054
v -793.609 81.921 -593.965
vn -0.2076 0.9579 -0.1983
v -749.717 77.560 -600.000
vn 0.0926 0.9307 -0.3540
v -258.403 20.974 -322.753
vn 0.1807 0.9795 0.0886
v -230.220 12.692 -332.193
vn 0.1958 0.9802 0.0289
v -241.017 17.330 -359.091
vn 0.2712 0.9605 0.0621
v -216.343 12.816 -376.163
vn 0.1003 0.9928 0.0659
v -275.676 24.361 -338.448
vn 0.0886 0.9772 0.1927
v -264.537 13.139 -282.057
vn 0.0890 0.9848 0.1494
v -304.535 20.629 -309.583
vn 0.0839 0.9878 0.1312
v -301.186 14.438 -242.000
vn 0.1402 0.9841 0.1093
v -238.060 16.621 -391.163
vn 0.2537 0.9655 0.0586
v -218.581 15.349 -402.741
vn 0.1749 0.9686 0.1768
v -285.160 31.120 -357.954
vn 0.1996 0.9696 0.1415
v -260.333 25.974 -378.283
vn 0.3189 0.9474 0.0277
v -267.636 27.641 -411.331
vn 0.2830 0.9487 0.1412
v -331.030 28.308 -346.641
vn 0.1689 0.9732 0.1562
v -304.172 31.272 -359.975
vn 0.0132 0.9713 0.2376
v -328.725 21.485 -296.048
vn 0.1640 0.9810 0.1038
v -287.495 34.950 -392.592
vn 0.3178 0.9434 0.0945
v -330.850 34.988 -388.353
vn 0.1185 0.9523 0.2812
v -307.339 45.643 -410.165
vn 0.1424 0.9753 0.1687
v -304.766 43.919 -422.071
vn 0.2061 0.9774 0.0467
v -332.817 47.588 -416.082
vn 0.0949 0.9805 0.1718
v -343.270 40.038 -386.274
vn 0.2384 0.9544 0.1797
v -346.003 48.944 -433.105
vn 0.0957 0.9865 0.1326
v -383.673 41.582 -338.089
vn 0.2084 0.9692 0.1316
v -404.697 46.322 -322.830
vn 0.1341 0.9818 0.1343
v -329.812 51.986 -486.359
vn -0.0486 0.9638 0.2621
v -306.491 52.342 -468.049
vn 0.0862 0.9620 0.2591
v -380.453 50.030 -375.137
vn 0.1405 0.9860 0.0892
v -384.562 49.132 -399.528
vn 0.0814 0.9885 0.1275
v -435.513 49.531 -371.363
vn 0.1304 0.9891 0.0690
v -364.192 64.535 -515.255
vn 0.0418 0.9460 0.3215
v -311.394 63.088 -499.727
vn 0.1881 0.9746 0.1213
v -389.252 58.836 -421.274
vn 0.1713 0.9633 0.2065
v -382.426 49.822 -455.618
vn 0.3068 0.9450 0.1131
v -375.506 59.523 -480.456
vn 0.1591 0.9600 0.2306
v -425.430 48.322 -390.193
vn 0.2030 0.9727 0.1125
v -419.864 51.068 -411.759
vn 0.0604 0.9186 0.3907
v -409.970 67.802 -436.240
vn 0.1527 0.9572 0.2459
v -406.306 72.915 -481.070
vn 0.0855 0.9939 0.0697
v -398.913 71.422 -532.133
vn -0.0593 0.9835 0.1708
v -442.681 61.182 -421.781
vn 0.1226 0.9592 0.2549
v -437.549 66.263 -462.215
vn -0.0216 0.9996 -0.0169
v -429.411 60.959 -494.681
vn -0.1229 0.9913 -0.0473
v -476.546 66.520 -358.038
vn 0.2446 0.9640 0.1038
v -478.934 64.500 -412.049
vn 0.1706 0.9807 0.0953
v -486.894 74.529 -466.104
vn 0.0848 0.9860 0.1437
v -478.454 68.797 -508.237
vn 0.3167 0.9483 -0.0224
v -439.056 65.002 -534.477
vn -0.0121 0.9694 0.2453
v -500.545 79.370 -575.318
vn 0.0946 0.9955 0.0086
v -444.800 78.431 -560.391
vn -0.0497 0.9905 0.1279
v -392.560 81.688 -575.206
vn 0.1126 0.9910 0.0723
v -356.128 77.681 -539.342
vn 0.1336 0.9796 0.1503
v -332.652 60.596 -569.612
vn 0.3491 0.9253 -0.1482
v -329.837 69.883 -530.002
vn 0.2803 0.9567 0.0788
v -389.719 80.214 -600.000
vn 0.0651 0.9788 -0.1940
v -340.272 61.505 -600.000
vn 0.1807 0.9814 0.0656
v -312.136 56.426 -570.600
vn 0.0200 0.9876 0.1555
v -482.411 70.817 -585.778
vn -0.0141 0.9992 -0.0369
v -455.522 82.135 -591.430
vn -0.2203 0.9560 -0.1934
v -472.323 70.943 -600.000
vn 0.0312 0.9617 -0.2723
v -311.538 67.551 -600.000
vn -0.1434 0.9671 0.2102
v -294.240 67.665 -586.356
vn 0.0033 0.9295 0.3689
v -279.097 46.255 -531.533
vn 0.3093 0.9424 0.1276
v -221.543 63.359 -600.000
vn -0.0986 0.9533 0.2854
v -277.144 50.010 -486.281
vn 0.4046 0.9105 0.0850
v -256.832 48.332 -566.849
vn 0.1766 0.8870 0.4267
v -214.820 42.980 -560.614
vn -0.1308 0.8771 0.4622
v -232.055 28.896 -527.089
vn 0.0090 0.9696 0.2447
v -245.919 28.299 -503.468
vn 0.3548 0.9345 0.0284
v -172.788 63.001 -561.314
vn -0.0520 0.9682 0.2445
v -182.812 70.898 -600.000
vn 0.1975 0.9574 0.2106
v -270.900 37.171 -437.874
vn 0.2585 0.9390 0.2269
v -251.447 32.024 -458.075
vn 0.3318 0.9402 0.0763
v -225.991 25.015 -478.318
vn 0.0642 0.9972 0.0391
v -190.465 29.106 -505.894
vn -0.2414 0.9389 0.2451
v -220.820 22.713 -434.120
vn 0.1355 0.9769 0.1653
v -179.413 28.255 -473.018
vn -0.0532 0.9647 0.2579
v -154.064 55.326 -530.926
vn 0.0118 0.9653 0.2608
v -142.151 49.941 -580.433
vn 0.3284 0.9408 0.0836
v -136.370 48.872 -547.606
vn 0.3574 0.9309 0.0762
v -108.761 44.233 -600.000
vn 0.3067 0.9318 0.1939
v -135.712 42.851 -508.657
vn 0.1873 0.9448 0.2687
v -448.336 50.654 -317.741
vn 0.1793 0.9512 0.2513
v -411.601 40.203 -300.328
vn 0.1047 0.9853 0.1351
v -439.305 37.531 -272.139
vn 0.0906 0.9831 0.1591
v -405.847 38.619 -267.793
vn 0.1990 0.9578 0.2075
v -384.268 29.321 -267.921
vn 0.2121 0.9594 0.1859
v -445.488 31.089 -227.947
vn 0.1997 0.9626 0.1829
v -410.083 27.358 -237.169
vn 0.2011 0.9476 0.2481
v -391.111 21.056 -236.686
vn 0.2477 0.9388 0.2393
v -381.888 8.392 -151.003
vn 0.1341 0.9838 0.1193
v -369.081 15.570 -223.851
vn 0.1094 0.9765 0.1859
v -354.807 25.168 -273.000
vn 0.1640 0.9765 0.1401
v -332.139 17.895 -252.831
vn 0.0927 0.9882 0.1218
v -344.239 13.241 -216.927
vn 0.0575 0.9875 0.1466
v -313.338 14.911 -227.797
vn 0.1002 0.9841 0.1468
v -342.486 8.657 -192.349
vn 0.0782 0.9870 0.1405
v -375.496 3.178 -102.285
vn 0.0704 0.9966 0.0431
v -280.140 5.444 -215.393
vn 0.1251 0.9870 0.1006
v -295.852 5.648 -192.381
vn 0.1013 0.9877 0.1195
v -309.959 3.112 -153.042
vn 0.0503 0.9967 0.0642
v -275.981 2.454 -169.413
vn 0.0487 0.9974 0.0538
v -309.230 1.223 -93.543
vn 0.0250 0.9995 0.0166
v -241.007 0.448 -147.049
vn 0.0232 0.9995 0.0212
v 1200.000 3.484 599.896
vn -0.0065 1.0000 0.0052
v 1200.000 3.719 554.548
vn 0.0027 1.0000 0.0022
v 946.418 1.840 600.000
vn -0.0056 1.0000 -0.0032
v 953.203 3.955 376.566
vn -0.0041 1.0000 0.0010
v 1124.956 3.691 245.031
vn 0.0027 1.0000 0.0091
v 1200.000 1.667 172.679
vn -0.0083 0.9987 0.0497
v 985.849 0.527 119.716
vn -0.0290 0.9952 0.0931
v 1114.099 9.435 70.170
vn 0.0371 0.9899 0.1371
v 773.585 0.000 528.746
vn -0.0009 1.0000 -0.0008
v 528.780 3.674 600.000
vn 0.0058 0.9999 -0.0141
v 807.720 3.242 292.806
vn -0.0061 1.0000 0.0033
v 834.776 3.780 163.669
vn 0.0196 0.9993 0.0323
v 529.252 3.005 371.232
vn -0.0022 1.0000 -0.0046
v 623.764 1.497 237.344
vn -0.0049 1.0000 0.0004
v 318.750 3.446 600.000
vn -0.0035 1.0000 -0.0078
v 1174.311 16.697 -14.717
vn 0.0697 0.9812 0.1797
v 1200.000 19.903 -20.119
vn 0.0198 0.9867 0.1611
v 1061.607 17.461 33.391
vn -0.0283 0.9896 0.1410
v 1122.079 29.199 -14.354
vn 0.0579 0.9928 0.1049
v 1151.239 25.240 -34.931
vn 0.1022 0.9857 0.1343
v 1175.808 33.834 -80.060
vn 0.0389 0.9811 0.1896
v 1125.639 28.464 -74.690
vn -0.0431 0.9918 0.1199
v 1085.802 25.302 -98.818
vn -0.0906 0.9879 0.1257
v 1200.000 29.216 -88.513
vn 0.2566 0.9411 0.2203
v 1200.000 42.529 -127.892
vn -0.1640 0.9850 0.0541
v 1159.410 36.000 -115.191
vn -0.0134 0.9987 0.0498
v 1127.989 45.850 -142.228
vn 0.0021 0.9857 0.1687
v 1001.574 22.431 0.575
vn -0.0520 0.9952 0.0824
v 1161.138 39.735 -181.764
vn 0.0581 0.9607 0.2714
v 1188.072 36.047 -138.123
vn -0.2393 0.9709 0.0088
v 1200.000 47.409 -181.070
vn -0.1997 0.9174 0.3442
v 1085.819 39.871 -154.411
vn -0.0699 0.9717 0.2256
v 1124.717 50.598 -188.855
vn -0.0254 0.9747 0.2219
v 1160.827 61.774 -212.459
vn -0.0218 0.9181 0.3958
v 1091.182 43.978 -185.068
vn 0.0590 0.9673 0.2467
v 1007.886 32.527 -145.038
vn -0.0541 0.9737 0.2215
v 1056.750 51.692 -180.109
vn 0.1119 0.9218 0.3713
v 1065.828 61.160 -213.400
vn 0.2460 0.9462 0.2103
v 1084.802 57.324 -221.130
vn 0.0245 0.8829 0.4690
v 1182.641 66.019 -224.675
vn -0.0969 0.9244 0.3690
v 1200.000 86.312 -262.931
vn -0.1450 0.9606 0.2371
v 1175.623 84.743 -280.642
vn -0.1079 0.9918 0.0692
v 1200.000 82.518 -313.311
vn -0.2115 0.9631 -0.1666
v 1116.874 92.580 -258.219
vn 0.0971 0.9802 0.1726
v 1155.560 69.693 -247.164
vn 0.2074 0.8750 0.4374
v 1084.818 76.553 -253.170
vn -0.2905 0.9420 0.1680
v 1142.403 81.525 -254.971
vn 0.2068 0.9582 0.1977
v 1137.561 72.551 -283.730
vn 0.0479 0.9861 -0.1591
v 985.711 32.087 -162.634
vn -0.1410 0.9556 0.2588
v 1039.771 76.169 -213.978
vn -0.0784 0.9480 0.3084
v 1154.961 77.430 -323.204
vn -0.0990 0.9865 -0.1305
v 1177.293 73.758 -317.990
vn 0.0211 0.9873 -0.1575
v 1119.985 72.330 -336.864
vn 0.1472 0.9890 -0.0110
v 1089.447 79.442 -297.043
vn -0.2632 0.9646 0.0160
v 1183.079 66.908 -381.622
vn 0.1946 0.9788 -0.0630
v 1200.000 61.805 -430.094
vn 0.1225 0.9909 -0.0560
v -759.335 97.553 -564.609
vn 0.0032 0.9997 0.0237
v -787.439 89.660 -468.989
vn 0.1045 0.9894 -0.1005
v -788.554 74.451 -500.562
vn -0.0853 0.9797 -0.1814
v -777.460 76.696 -534.194
vn -0.2805 0.9501 0.1363
v -765.542 85.601 -496.310
vn -0.0666 0.9978 0.0025
v -745.476 87.395 -524.896
vn 0.0456 0.9953 0.0855
v -739.354 85.524 -561.259
vn 0.2207 0.9670 -0.1277
v -726.393 82.662 -508.705
vn -0.0451 0.9933 0.1067
v -742.878 68.510 -456.876
vn 0.0345 0.9852 0.1681
v -816.259 96.665 -435.217
vn 0.0569 0.9983 0.0101
v -783.021 76.345 -439.446
vn 0.3757 0.9194 0.1168
v -726.031 79.373 -580.705
vn -0.1950 0.9711 -0.1379
v -683.257 91.206 -600.000
vn 0.0509 0.9792 -0.1964
v -696.385 89.786 -550.891
vn -0.0362 0.9979 0.0539
v -683.730 99.319 -581.313
vn -0.0359 0.9971 -0.0671
v -646.779 83.960 -567.755
vn 0.2225 0.9719 -0.0764
v -632.430 73.890 -600.000
vn 0.1372 0.9612 -0.2391
v -714.781 82.232 -448.509
vn -0.1757 0.9696 0.1702
v -690.341 86.752 -494.535
vn 0.1559 0.9829 0.0981
v -746.278 67.925 -425.346
vn 0.1096 0.9936 -0.0273
v -793.235 83.931 -381.972
vn 0.0483 0.9838 0.1728
v -646.389 83.972 -539.215
vn 0.0495 0.9950 0.0863
v -603.600 75.418 -600.000
vn -0.0845 0.9632 -0.2551
v -670.259 82.279 -464.777
vn 0.2204 0.9750 -0.0267
v -675.183 77.830 -498.134
vn 0.2867 0.9549 0.0772
v -638.734 76.535 -485.899
vn -0.0648 0.9936 0.0922
v -619.094 93.631 -525.539
vn 0.0639 0.9979 0.0063
v -682.458 87.510 -415.617
vn -0.0174 0.9967 0.0798
v -657.734 75.265 -442.867
vn 0.2493 0.9684 -0.0041
v -634.839 74.284 -423.412
vn 0.0111 0.9997 -0.0199
v -607.658 75.932 -435.409
vn 0.0386 0.9992 -0.0142
v -587.551 82.892 -587.734
vn 0.2600 0.9638 0.0586
v -561.944 81.510 -600.000
vn 0.1286 0.9718 0.1975
v -587.276 68.635 -424.443
vn 0.1908 0.9811 0.0319
v -596.979 88.444 -381.531
vn 0.0765 0.9968 -0.0248
v -579.253 63.283 -528.157
vn 0.3717 0.9276 -0.0385
v -572.451 69.723 -577.943
vn 0.1738 0.9290 0.3268
v -536.898 67.534 -489.013
vn 0.0366 0.9985 -0.0399
v -542.223 62.840 -542.279
vn -0.2769 0.9581 0.0738
v -540.584 70.836 -575.216
vn -0.1109 0.9851 0.1312
v -540.023 73.066 -600.000
vn 0.0629 0.9972 -0.0409
v -512.058 82.197 -558.803
vn -0.0735 0.9954 -0.0610
v -504.888 89.244 -502.662
vn -0.1082 0.9887 0.1034
v -524.843 63.440 -458.386
vn 0.0663 0.9976 -0.0183
v -556.374 78.990 -452.552
vn 0.1168 0.9931 -0.0140
v -586.182 77.843 -497.852
vn 0.3332 0.9398 -0.0752
v -581.827 84.877 -465.091
vn 0.1873 0.9646 0.1855
v -566.529 66.861 -438.162
vn -0.2145 0.9454 0.2453
v -545.647 83.114 -434.394
vn -0.1239 0.9923 -0.0050
v -567.090 68.042 -410.983
vn -0.0205 0.9977 -0.0639
v -530.987 77.360 -415.295
vn 0.1017 0.9946 0.0208
v -497.397 69.384 -444.401
vn -0.0379 0.9993 -0.0020
v -522.414 71.614 -367.584
vn 0.1227 0.9857 0.1155
v -566.660 76.650 -358.678
vn 0.0720 0.9933 0.0900
v -543.627 79.489 -356.527
vn 0.0700 0.9927 0.0981
v -585.332 66.496 -331.490
vn 0.0163 0.9850 0.1720
v -545.796 64.376 -313.824
vn 0.0870 0.9784 0.1877
v -506.437 62.243 -325.813
vn 0.1513 0.9642 0.2179
v -626.377 77.326 -376.732
vn -0.0517 0.9941 0.0951
v -548.688 59.498 -273.633
vn 0.1133 0.9871 0.1132
v -506.112 59.805 -262.646
vn 0.2059 0.9543 0.2164
v -629.741 74.703 -301.678
vn 0.0466 0.9978 -0.0461
v -608.590 76.811 -284.147
vn 0.2088 0.9727 -0.1010
v -663.592 80.673 -339.398
vn -0.0370 0.9942 0.1008
v -476.460 48.371 -310.150
vn 0.2431 0.9475 0.2079
v -607.424 71.302 -250.610
vn 0.2535 0.9427 0.2167
v -535.894 52.806 -242.738
vn 0.2141 0.9013 0.3765
v -480.089 46.570 -263.732
vn 0.2769 0.9273 0.2520
v -676.024 70.369 -311.492
vn 0.0903 0.9937 -0.0662
v -644.006 79.380 -282.360
vn 0.0137 0.9807 -0.1951
v -629.773 86.652 -264.686
vn 0.0293 0.9698 0.2421
v -605.713 51.178 -197.395
vn 0.0384 0.9515 0.3052
v -591.642 58.801 -212.135
vn 0.1565 0.8936 0.4207
v -580.630 33.704 -179.781
vn 0.3082 0.8910 0.3334
v -535.562 24.781 -179.720
vn 0.0655 0.9721 0.2251
v -510.613 36.871 -217.451
vn 0.0693 0.9635 0.2585
v -460.460 35.544 -222.304
vn 0.1809 0.9701 0.1615
v -493.712 34.709 -196.972
vn 0.0274 0.9821 0.1862
v -440.455 23.396 -188.502
vn 0.2341 0.9549 0.1825
v -691.932 89.799 -277.017
vn 0.0582 0.9956 0.0741
v -660.812 75.256 -252.859
vn -0.1491 0.8922 0.4264
v -642.062 59.286 -221.658
vn -0.1067 0.8826 0.4579
v -627.395 48.147 -204.126
vn -0.0401 0.9237 0.3809
v -645.054 43.755 -177.887
vn -0.1895 0.9640 0.1864
v -671.391 38.480 -203.755
vn -0.2059 0.9142 0.3490
v -692.876 51.558 -231.340
vn 0.0306 0.8210 0.5701
v -509.386 19.450 -133.578
vn 0.0080 0.9891 0.1473
v -453.638 22.460 -159.980
vn 0.1687 0.9722 0.1624
v -416.998 15.295 -184.178
vn 0.1964 0.9650 0.1736
v -463.832 15.793 -101.328
vn 0.1024 0.9873 0.1214
v -727.700 39.959 -198.824
vn 0.2598 0.9217 0.2881
v -647.081 35.271 -144.511
vn -0.0002 0.9727 0.2322
v -612.994 50.293 -177.626
vn 0.1070 0.9496 0.2946
v -716.476 81.344 -260.247
vn -0.0095 0.9287 0.3706
v -749.392 58.352 -207.738
vn 0.2615 0.9464 0.1894
v -742.232 44.289 -152.393
vn 0.3328 0.9155 0.2258
v -605.184 23.708 -138.938
vn 0.0652 0.9285 0.3655
v -579.591 27.414 -140.689
vn 0.1004 0.9657 0.2397
v -739.698 30.169 -114.617
vn 0.0769 0.9664 0.2452
v -670.063 24.960 -94.033
vn 0.1395 0.9807 0.1372
v -604.751 13.475 -86.039
vn 0.0089 0.9941 0.1082
v -548.375 19.310 -106.947
vn 0.0393 0.9914 0.1248
v -765.913 43.695 -133.786
vn 0.2728 0.8264 0.4926
v -766.012 65.088 -174.382
vn 0.2418 0.9694 0.0418
v -780.354 26.791 -97.465
vn 0.0564 0.9429 0.3284
v -682.950 24.948 -35.373
vn 0.0800 0.9933 0.0839
v -639.708 14.678 -22.249
vn 0.0953 0.9927 0.0740
v -585.408 13.324 -12.584
vn 0.0263 0.9987 0.0435
v -581.107 14.364 -63.190
vn 0.0064 0.9980 0.0627
v -514.583 11.912 -68.786
vn 0.0356 0.9927 0.1154
v -507.805 7.040 -5.544
vn 0.0468 0.9973 0.0558
v -568.439 8.247 36.318
vn 0.0129 0.9985 0.0535
v -459.630 11.417 -74.926
vn 0.0646 0.9934 0.0945
v -797.736 59.683 -145.125
vn -0.1829 0.8363 0.5168
v -786.899 75.129 -158.037
vn 0.0169 0.9922 0.1235
v -831.122 40.724 -126.667
vn 0.0415 0.9908 0.1291
v -826.260 25.750 -68.519
vn 0.0861 0.9791 0.1845
v -850.130 46.612 -204.671
vn -0.0337 0.9910 0.1297
v -397.702 4.886 -37.137
vn 0.0542 0.9981 0.0284
v -405.817 5.701 -83.125
vn 0.1196 0.9907 0.0644
v -813.986 49.305 -200.408
vn -0.1454 0.9578 -0.2480
v -813.084 47.247 -233.342
vn -0.2752 0.9381 0.2103
v -783.962 58.559 -216.938
vn -0.2378 0.9695 0.0586
v -806.073 61.419 -248.743
vn -0.2490 0.9536 0.1694
v -832.998 64.329 -286.433
vn 0.1608 0.9672 0.1968
v -785.855 59.225 -269.614
vn -0.1748 0.9840 -0.0352
v -731.715 84.020 -279.806
vn -0.3285 0.9359 -0.1271
v -738.785 73.256 -292.296
vn -0.3257 0.9081 -0.2633
v -722.587 65.484 -326.894
vn -0.1599 0.9726 -0.1685
v -773.025 65.559 -311.139
vn -0.1415 0.9894 0.0334
v -815.644 61.400 -316.913
vn 0.1912 0.9742 0.1197
v -788.641 62.012 -348.612
vn -0.1149 0.9485 0.2953
v -761.067 72.784 -342.569
vn 0.0162 0.9885 0.1505
v -835.510 70.206 -311.101
vn 0.3021 0.9466 0.1127
v -830.791 86.216 -382.931
vn 0.0857 0.9727 0.2156
v 1164.735 75.723 -354.837
vn 0.0365 0.9988 0.0321
v 1148.997 68.221 -349.993
vn -0.1553 0.9879 0.0059
v 1131.066 74.816 -375.644
vn 0.1366 0.9795 0.1483
v 1168.771 75.461 -414.060
vn 0.2838 0.9573 0.0553
v 1180.384 67.600 -458.045
vn 0.4819 0.8749 0.0479
v 1200.000 62.490 -499.822
vn 0.3433 0.9354 0.0851
v 1159.004 85.161 -455.563
vn 0.3136 0.9447 0.0960
v 1137.068 76.668 -421.274
vn 0.1264 0.9864 0.1047
v 1102.423 87.644 -367.983
vn 0.1221 0.9879 0.0958
v 1075.404 77.799 -341.103
vn -0.0207 0.9910 0.1323
v 1092.343 82.805 -391.000
vn -0.0341 0.9954 -0.0897
v 1128.433 82.345 -439.708
vn -0.0845 0.9850 0.1506
v 1129.797 96.410 -476.598
vn -0.0389 0.9990 -0.0227
v 1174.365 70.286 -491.788
vn 0.3569 0.9223 -0.1480
v 1132.241 86.485 -513.857
vn -0.0087 0.9956 0.0930
v 1200.000 76.893 -531.496
vn 0.2992 0.9438 0.1405
v 1063.191 89.269 -368.760
vn -0.0049 0.9995 -0.0306
v 1072.862 70.769 -411.529
vn -0.1004 0.9651 -0.2418
v 1074.760 69.684 -464.029
vn -0.3722 0.9251 -0.0753
v 1081.874 62.714 -518.916
vn -0.4467 0.8910 -0.0814
v 1121.068 78.749 -559.755
vn -0.3132 0.9320 -0.1822
v 1153.350 97.820 -536.568
vn 0.0409 0.9923 -0.1173
v 1166.508 78.879 -563.404
vn 0.0333 0.9818 -0.1871
v 1200.000 73.575 -556.936
vn 0.1317 0.9835 0.1244
v 1199.651 87.795 -592.688
vn -0.1886 0.9784 0.0844
v 1178.485 75.839 -600.000
vn -0.1560 0.9781 -0.1376
v 1042.857 82.341 -393.484
vn -0.0577 0.9596 -0.2754
v 1037.887 61.081 -456.660
vn -0.0481 0.9773 -0.2065
v 1057.988 45.140 -512.732
vn -0.2900 0.9553 0.0568
v 1125.877 74.573 -600.000
vn -0.2553 0.9666 -0.0215
v 1087.634 58.213 -552.312
vn -0.1554 0.9878 0.0072
v 1058.929 57.611 -532.183
vn -0.2002 0.9284 0.3129
v 1070.121 64.729 -600.000
vn 0.0480 0.9875 0.1499
v 1059.607 67.474 -559.366
vn -0.0278 0.9899 0.1392
v 1025.055 54.709 -550.477
vn -0.0204 0.9691 0.2460
v 1025.726 47.415 -503.348
vn 0.3307 0.9425 -0.0485
v 998.052 72.471 -570.388
vn 0.3931 0.9012 0.1827
v 981.970 72.372 -512.331
vn 0.1631 0.9821 0.0945
v 993.599 80.809 -600.000
vn 0.3226 0.9227 0.2113
v 1000.271 55.620 -459.460
vn 0.1469 0.9877 -0.0541
v 1023.510 70.126 -416.464
vn -0.0667 0.9684 -0.2405
v 956.741 71.895 -515.555
vn 0.2431 0.9699 0.0109
v 960.084 97.581 -600.000
vn 0.1747 0.9817 0.0758
v 977.516 88.772 -569.608
vn 0.1983 0.9468 0.2535
v 948.510 79.526 -564.702
vn 0.0264 0.9519 0.3053
v 960.517 82.903 -439.218
vn 0.3570 0.9314 -0.0714
v 980.052 75.384 -420.366
vn 0.3374 0.9328 -0.1268
v 924.544 79.529 -534.712
vn 0.1468 0.9842 0.0986
v 927.869 96.540 -591.457
vn 0.0100 0.9973 0.0726
v 885.295 80.101 -600.000
vn -0.3466 0.9297 -0.1244
v 900.758 91.020 -563.989
vn -0.2911 0.9518 0.0965
v 921.719 89.676 -500.168
vn -0.0695 0.9680 -0.2413
v 923.507 98.644 -482.049
vn -0.0995 0.9925 -0.0706
v 873.540 75.424 -527.998
vn -0.3180 0.9470 0.0459
v 847.972 56.241 -552.106
vn -0.3773 0.9208 0.0987
v 896.135 77.842 -499.568
vn -0.3449 0.9373 -0.0504
v 869.826 74.256 -486.103
vn -0.3408 0.9401 -0.0125
v 830.452 66.572 -600.000
vn -0.2269 0.9737 -0.0185
v 893.323 79.746 -456.755
vn -0.3147 0.9489 0.0221
v 920.015 85.386 -447.764
vn -0.1393 0.9894 0.0412
v 818.197 65.487 -591.424
vn -0.4270 0.8900 0.1597
v 789.172 41.995 -600.000
vn -0.4243 0.9022 -0.0774
v 815.856 49.139 -563.374
vn -0.2460 0.9637 0.1036
v 824.631 49.446 -501.395
vn -0.1844 0.9633 -0.1951
v 794.911 39.679 -574.545
vn -0.2820 0.9591 0.0242
v 761.072 40.133 -600.000
vn 0.1835 0.9827 0.0235
v 831.026 62.591 -476.528
vn -0.1426 0.9810 -0.1318
v 855.220 61.072 -452.153
vn -0.2730 0.9600 -0.0628
v 794.074 49.143 -511.972
vn 0.1043 0.9808 -0.1650
v 788.541 49.041 -536.656
vn 0.1020 0.9691 -0.2246
v 764.260 42.016 -554.955
vn 0.2035 0.9373 -0.2831
v 796.065 57.948 -467.212
vn 0.1333 0.9640 -0.2300
v 750.329 65.596 -500.960
vn 0.3905 0.8972 -0.2063
v 718.447 76.261 -532.453
vn 0.3215 0.8994 -0.2961
v 720.395 55.877 -575.437
vn 0.2924 0.9430 -0.1589
v 713.615 61.477 -600.000
vn 0.2996 0.9448 0.1327
v 663.857 71.066 -600.000
vn 0.2929 0.9506 -0.1024
v 807.985 76.636 -423.004
vn 0.2652 0.9203 -0.2875
v 839.195 66.989 -422.848
vn -0.0172 0.9261 -0.3769
v 854.417 75.458 -419.383
vn -0.1509 0.9217 -0.3574
v 801.530 82.954 -389.394
vn -0.1617 0.9676 -0.1938
v 745.950 82.737 -436.661
vn 0.0289 0.9968 0.0743
v 731.751 88.095 -459.381
vn 0.4526 0.8911 0.0341
v 676.819 66.022 -569.869
vn 0.3571 0.9003 -0.2488
v 667.911 86.551 -541.093
vn 0.1602 0.9655 -0.2051
v 627.584 93.391 -580.223
vn 0.0466 0.9892 -0.1386
v 618.316 82.174 -600.000
vn -0.1953 0.9395 -0.2815
v 850.658 92.248 -379.603
vn 0.0347 0.9811 -0.1906
v 877.093 73.468 -402.361
vn -0.0318 0.9746 -0.2218
v 715.341 62.084 -398.545
vn -0.1591 0.9404 0.3005
v 754.529 66.080 -382.945
vn -0.2389 0.9500 0.2012
v 797.588 75.276 -345.370
vn -0.3628 0.9047 0.2233
v 820.757 96.393 -373.321
vn -0.0996 0.9726 0.2100
v 595.214 76.674 -568.790
vn -0.0471 0.9987 -0.0183
v 631.947 83.044 -539.804
vn -0.2024 0.9615 0.1860
v 578.435 72.714 -600.000
vn 0.1180 0.9506 -0.2872
v 840.906 78.257 -356.077
vn -0.1160 0.9189 0.3769
v 872.766 97.339 -365.083
vn -0.0716 0.9943 0.0791
v 809.563 65.236 -311.678
vn -0.0848 0.9837 0.1588
v 764.583 56.874 -311.163
vn -0.1342 0.9909 -0.0090
v 693.491 51.990 -335.314
vn -0.0412 0.9842 -0.1722
v 833.295 67.435 -297.487
vn -0.0664 0.9907 0.1188
v 869.072 84.351 -345.066
vn -0.2144 0.9349 0.2828
v 820.145 77.358 -262.681
vn -0.0877 0.9781 0.1888
v 752.152 81.492 -247.518
vn 0.2341 0.9721 -0.0103
v 794.477 63.686 -257.314
vn -0.0524 0.9944 0.0918
v 786.458 60.106 -245.859
vn 0.0527 0.9757 0.2126
v 570.687 79.865 -590.292
vn 0.2196 0.9484 -0.2289
v 502.436 87.949 -600.000
vn 0.1171 0.9581 -0.2615
v 903.653 91.040 -356.591
vn -0.1215 0.9925 0.0128
v 875.595 82.362 -314.727
vn -0.2426 0.9392 0.2429
v 857.121 57.461 -242.523
vn 0.0534 0.9597 0.2759
v 883.256 74.022 -295.696
vn -0.3134 0.9070 0.2814
v 919.010 93.377 -301.276
vn 0.0455 0.9913 0.1232
v 922.709 95.307 -383.003
vn -0.1020 0.9944 0.0277
v 890.197 62.017 -250.700
vn -0.3181 0.8742 0.3668
v 919.672 97.031 -275.303
vn -0.0915 0.9655 0.2440
v 883.008 41.530 -202.293
vn -0.1483 0.9680 0.2024
v 923.960 69.876 -232.721
vn 0.0098 0.9268 0.3755
v 953.999 69.819 -276.145
vn 0.3499 0.9193 0.1802
v 959.948 83.438 -330.037
vn 0.1582 0.9571 0.2427
v 979.285 65.270 -292.935
vn 0.1549 0.9553 0.2517
v 988.315 84.008 -330.524
vn 0.0326 0.9179 0.3954
v 949.999 91.388 -405.177
vn 0.2826 0.9473 -0.1506
v 982.014 91.869 -350.702
vn 0.0350 0.9990 -0.0284
v 989.598 71.892 -385.484
vn 0.0749 0.9515 -0.2983
v 1012.210 96.836 -356.521
vn 0.0255 0.9994 -0.0212
v 1047.012 82.780 -355.997
vn 0.0745 0.9656 0.2491
v 988.822 65.153 -265.239
vn -0.1555 0.9878 0.0056
v 1029.877 72.710 -284.988
vn -0.0201 0.9998 -0.0018
v 1066.370 78.002 -312.442
vn -0.1202 0.9750 0.1871
v 1074.205 66.422 -285.168
vn -0.2006 0.9737 0.1081
v 1059.880 69.585 -262.202
vn -0.1028 0.9945 0.0211
v 1017.849 77.962 -257.213
vn -0.0608 0.9972 -0.0426
v 977.090 54.804 -232.159
vn -0.1065 0.9481 0.2995
v 957.651 34.612 -172.062
vn 0.1243 0.9503 0.2854
v 995.200 46.131 -201.963
vn -0.2576 0.9084 0.3295
v 910.933 50.127 -180.318
vn -0.0555 0.9725 0.2261
v 940.534 27.939 -105.366
vn 0.0959 0.9875 0.1255
v 1010.039 23.158 -91.869
vn -0.0014 0.9967 0.0813
v -689.861 75.172 -331.502
vn -0.0657 0.9978 0.0063
v -690.613 80.008 -385.530
vn -0.2266 0.9718 0.0659
v -745.326 63.762 -346.707
vn 0.2971 0.9542 -0.0356
v -718.393 66.545 -373.594
vn -0.1191 0.9923 -0.0342
v -775.845 85.334 -382.421
vn 0.3198 0.9474 0.0124
v -755.787 72.239 -389.760
vn 0.3857 0.9226 0.0017
v -738.054 63.791 -403.409
vn 0.1906 0.9763 0.1025
v -720.973 63.239 -417.241
vn -0.2401 0.9517 0.1912
v -863.272 76.283 -340.077
vn 0.2545 0.9203 0.2972
v -890.450 84.186 -336.213
vn -0.0293 0.9903 0.1362
v -905.469 72.319 -307.625
vn -0.4955 0.8667 -0.0582
v -878.977 91.972 -297.165
vn 0.1430 0.9892 0.0329
v -953.545 50.408 -318.926
vn -0.2263 0.9734 0.0348
v -974.099 55.643 -284.775
vn 0.0260 0.9419 -0.3350
v -937.868 55.769 -288.511
vn -0.2913 0.9137 -0.2834
v -922.168 78.882 -262.218
vn -0.2578 0.9429 -0.2109
v -902.435 89.147 -273.567
vn -0.2930 0.9554 0.0374
v -961.306 75.655 -241.515
vn -0.1524 0.9358 -0.3179
v -881.816 83.263 -250.422
vn 0.2525 0.9092 0.3312
v -845.174 54.033 -239.204
vn 0.3694 0.8769 0.3077
v -897.402 72.549 -224.802
vn 0.1455 0.9138 0.3793
v -930.734 80.340 -232.610
vn 0.1454 0.9886 0.0403
v -956.385 91.272 -211.516
vn -0.0459 0.9985 0.0308
v -896.403 51.983 -193.230
vn 0.1601 0.9083 0.3865
v -862.473 43.862 -184.683
vn 0.1418 0.9688 0.2034
v -883.414 47.239 -133.449
vn -0.0760 0.9949 -0.0667
v -923.730 35.301 -148.731
vn 0.0384 0.9736 0.2250
v -966.395 35.898 -102.114
vn -0.0848 0.9828 0.1639
v -966.105 29.358 -67.533
vn -0.1619 0.9722 0.1690
v -902.263 47.221 -92.079
vn -0.0661 0.9763 0.2061
v -860.655 53.218 -112.317
vn 0.1491 0.9817 0.1185
v -857.109 19.190 -43.765
vn 0.0757 0.9680 0.2391
v -889.092 23.608 -37.572
vn 0.0433 0.9708 0.2359
v -979.557 19.414 -22.623
vn -0.0393 0.9957 0.0841
v -788.839 16.738 13.235
vn -0.0463 0.9889 0.1409
v -710.320 18.833 26.542
vn -0.0057 0.9935 0.1135
v -727.601 4.598 97.691
vn -0.0701 0.9923 0.1022
v -695.782 17.754 52.814
vn 0.0202 0.9964 0.0826
v -661.008 11.828 25.738
vn 0.1279 0.9901 0.0577
v -615.496 7.638 56.408
vn 0.0576 0.9970 0.0518
v -672.348 7.719 107.150
vn 0.0166 0.9968 0.0783
v -616.847 2.996 183.061
vn 0.0137 0.9991 0.0409
v -675.884 7.703 169.129
vn -0.0088 0.9986 0.0526
v -718.734 2.914 202.908
vn -0.0193 0.9986 0.0489
v -554.175 7.661 104.655
vn 0.0233 0.9993 0.0287
v -534.611 2.388 178.311
vn 0.0128 0.9993 0.0339
v -450.115 1.248 321.019
vn 0.0051 1.0000 -0.0006
v -446.932 0.565 191.021
vn 0.0223 0.9997 0.0120
v -369.319 1.459 312.987
vn 0.0027 1.0000 -0.0082
v -467.677 3.123 33.015
vn 0.0432 0.9988 0.0236
v -436.443 2.054 99.961
vn 0.0349 0.9993 0.0140
v -421.358 2.183 25.895
vn 0.0161 0.9993 0.0344
v -371.228 1.619 62.961
vn 0.0190 0.9997 0.0170
v -420.887 0.369 135.106
vn 0.0176 0.9997 0.0151
v -370.653 0.217 242.507
vn 0.0020 1.0000 -0.0076
v -308.392 0.303 146.573
vn 0.0041 1.0000 0.0021
v -298.512 0.585 234.864
vn 0.0018 1.0000 -0.0059
v -243.378 0.637 305.378
vn 0.0024 1.0000 -0.0054
v 9.042 2.560 600.000
vn -0.0001 1.0000 -0.0084
v -351.832 2.139 -53.627
vn 0.0394 0.9992 0.0071
v -330.244 0.915 7.303
vn 0.0193 0.9998 0.0051
v -250.702 0.003 54.771
vn 0.0063 1.0000 0.0002
v -224.596 0.000 120.137
vn 0.0020 1.0000 -0.0007
v -228.831 0.034 220.912
vn 0.0030 1.0000 -0.0035
v -300.196 0.691 -50.506
vn 0.0183 0.9998 0.0054
v -146.393 0.000 184.191
vn -0.0008 1.0000 -0.0024
v -260.830 0.032 -16.915
vn 0.0102 0.9999 0.0025
v 10.617 0.191 361.257
vn -0.0011 1.0000 -0.0047
v -68.255 0.000 163.189
vn -0.0000 1.0000 -0.0016
v -244.652 0.000 -18.539
vn 0.0010 1.0000 0.0004
v -204.299 0.000 18.314
vn 0.0000 1.0000 -0.0000
v -146.114 0.000 92.444
vn 0.0000 1.0000 -0.0000
v -115.561 0.000 51.008
vn 0.0000 1.0000 0.0000
v -256.674 0.105 -84.041
vn 0.0099 0.9999 0.0039
v -157.734 0.000 -2.143
vn 0.0000 1.0000 0.0000
v -182.665 0.000 -29.713
vn 0.0000 1.0000 0.0000
v -219.917 0.000 -59.753
vn 0.0011 1.0000 0.0002
v -46.257 0.000 59.385
vn 0.0000 1.0000 0.0000
v 53.931 0.000 109.328
vn -0.0001 1.0000 -0.0002
v -115.026 0.000 -43.617
vn 0.0000 1.0000 0.0000
v -83.787 0.000 27.096
vn 0.0000 1.0000 0.0000
v 4.795 0.000 -15.361
vn 0.0000 1.0000 0.0000
v -25.833 0.000 -66.153
vn 0.0000 1.0000 0.0000
v -148.786 0.000 -106.725
vn 0.0001 1.0000 0.0008
v -106.968 0.000 -107.417
vn 0.0000 1.0000 0.0000
v -191.768 0.000 -106.856
vn 0.0015 1.0000 0.0021
v -228.805 0.010 -112.359
vn 0.0034 1.0000 0.0054
v -71.749 0.000 -106.141
vn 0.0000 1.0000 0.0000
v 28.991 0.000 -31.306
vn 0.0000 1.0000 0.0000
v 60.518 0.000 3.373
vn 0.0000 1.0000 0.0000
v 4.636 0.000 -77.366
vn 0.0000 1.0000 0.0000
v 95.402 0.000 -74.324
vn 0.0000 1.0000 0.0000
v 117.945 0.000 -47.162
vn 0.0000 1.0000 0.0000
v -203.751 0.041 -162.327
vn 0.0147 0.9998 0.0144
v -58.203 0.000 -145.500
vn 0.0000 1.0000 0.0000
v 14.279 0.000 -138.257
vn 0.0000 1.0000 0.0000
v 78.532 0.000 -136.149
vn 0.0000 1.0000 0.0000
v 79.102 0.000 -206.326
vn -0.0048 0.9999 0.0105
v 108.548 0.000 -186.033
vn -0.0012 1.0000 0.0006
v 122.683 0.000 -152.693
vn -0.0004 1.0000 0.0007
v 131.044 0.000 -94.592
vn 0.0000 1.0000 0.0000
v 136.403 0.104 -224.679
vn -0.0051 0.9999 0.0154
v 161.778 0.182 -212.372
vn -0.0214 0.9997 0.0155
v 157.777 0.000 -130.018
vn 0.0000 1.0000 0.0000
v 182.146 0.000 -155.239
vn -0.0064 0.9999 0.0121
v 160.570 0.000 -78.439
vn 0.0000 1.0000 0.0000
v 126.915 0.796 -252.957
vn -0.0069 0.9991 0.0416
v 159.161 0.770 -238.679
vn -0.0257 0.9992 0.0314
v 187.480 2.659 -257.969
vn -0.0508 0.9964 0.0679
v 197.419 2.152 -232.208
vn -0.0642 0.9968 0.0467
v 152.992 1.903 -272.171
vn -0.0413 0.9963 0.0748
v 215.219 9.906 -305.287
vn -0.1006 0.9820 0.1596
v 221.082 7.254 -285.404
vn -0.1014 0.9899 0.0991
v 242.744 10.481 -285.570
vn -0.1161 0.9820 0.1488
v 237.197 2.965 -225.330
vn -0.0446 0.9967 0.0677
v 906.767 34.710 -116.103
vn -0.0807 0.9805 0.1789
v 926.851 23.160 -19.280
vn -0.0331 0.9894 0.1414
v 973.316 18.919 -2.151
vn -0.0560 0.9897 0.1315
v 883.905 30.576 -132.191
vn -0.0620 0.9786 0.1960
v 861.144 39.999 -156.603
vn 0.1008 0.9878 0.1186
v 891.983 6.093 41.348
vn 0.0104 0.9908 0.1352
v 879.732 17.661 -17.668
vn -0.0416 0.9869 0.1562
v 849.597 32.573 -102.948
vn 0.0453 0.9753 0.2161
v 820.748 11.548 74.355
vn 0.0212 0.9987 0.0467
v 848.014 10.048 28.918
vn 0.0258 0.9968 0.0760
v 834.528 14.369 -29.266
vn -0.0215 0.9868 0.1603
v 797.302 14.422 -13.962
vn -0.0175 0.9956 0.0917
v 726.107 4.499 89.108
vn -0.0141 0.9977 0.0658
v 765.332 4.707 147.246
vn -0.0259 0.9990 0.0368
v 667.681 2.020 123.191
vn -0.0184 0.9976 0.0668
v 738.883 9.826 6.780
vn 0.0598 0.9889 0.1359
v 789.767 18.596 -64.813
vn 0.0145 0.9787 0.2046
v 657.441 14.905 41.117
vn -0.0250 0.9959 0.0864
v 742.410 23.724 -54.824
vn 0.0860 0.9625 0.2572
v 599.121 6.027 66.914
vn -0.0319 0.9974 0.0647
v 582.285 0.636 137.079
vn 0.0015 0.9996 0.0293
v 625.946 9.901 -5.886
vn -0.0884 0.9956 0.0326
v 698.638 19.117 -52.814
vn -0.1433 0.9876 0.0645
v 511.822 2.199 194.101
vn -0.0031 0.9999 -0.0098
v 443.485 1.123 158.408
vn -0.0124 0.9999 0.0114
v 517.321 4.221 95.810
vn -0.0183 0.9976 0.0661
v 401.592 0.347 242.854
vn -0.0071 1.0000 -0.0036
v 523.322 10.618 22.608
vn -0.0207 0.9990 0.0400
v 582.405 8.655 -40.449
vn -0.0313 0.9961 0.0827
v 449.988 4.148 16.049
vn -0.0788 0.9960 0.0432
v 510.880 10.490 -13.977
vn -0.0199 0.9988 0.0437
v 521.400 19.578 -127.805
vn -0.0356 0.9943 0.1005
v 579.530 13.455 -67.757
vn -0.0042 0.9937 0.1123
v 396.416 1.339 333.821
vn -0.0038 0.9999 -0.0101
v 312.171 0.975 277.887
vn 0.0002 1.0000 -0.0067
v 319.177 0.399 130.396
vn -0.0028 1.0000 -0.0013
v 217.542 0.000 90.449
vn -0.0011 1.0000 -0.0009
v 284.374 0.112 44.822
vn -0.0071 1.0000 0.0025
v 394.732 1.987 -0.150
vn -0.0363 0.9991 0.0211
v 134.275 0.000 40.494
vn 0.0000 1.0000 0.0000
v 189.379 0.000 13.529
vn 0.0000 1.0000 0.0000
v 226.547 0.000 40.657
vn -0.0009 1.0000 -0.0004
v 164.155 0.000 -51.201
vn 0.0000 1.0000 0.0000
v 246.547 0.000 12.381
vn -0.0059 1.0000 0.0002
v 319.413 1.029 -31.564
vn -0.0198 0.9997 0.0158
v 204.166 0.000 -36.670
vn -0.0004 1.0000 0.0004
v 257.409 0.040 -57.935
vn -0.0165 0.9998 0.0088
v 295.313 0.520 -61.879
vn -0.0246 0.9996 0.0167
v 374.364 4.104 -70.507
vn -0.0499 0.9979 0.0413
v 380.473 2.149 -33.482
vn -0.0406 0.9983 0.0416
v 330.525 4.515 -149.075
vn -0.0410 0.9984 0.0401
v 259.040 0.145 -102.530
vn -0.0242 0.9997 0.0027
v 205.344 0.000 -70.108
vn -0.0016 1.0000 0.0020
v 269.355 0.670 -144.530
vn -0.0395 0.9985 0.0391
v 214.893 0.005 -135.592
vn -0.0114 0.9999 0.0063
v 329.584 7.405 -181.062
vn -0.0503 0.9956 0.0785
v 354.885 6.037 -162.793
vn -0.0583 0.9961 0.0667
v 385.258 7.332 -120.860
vn -0.0581 0.9976 0.0367
v 408.521 5.327 -61.432
vn -0.0639 0.9965 0.0531
v 411.053 8.661 -131.243
vn -0.0879 0.9949 0.0504
v 220.964 0.363 -173.407
vn -0.0278 0.9990 0.0356
v 240.918 0.953 -171.195
vn -0.0333 0.9984 0.0448
v 286.070 6.799 -219.053
vn -0.0833 0.9903 0.1114
v 306.392 6.823 -206.349
vn -0.0721 0.9938 0.0852
v 363.740 11.079 -204.638
vn -0.0655 0.9939 0.0891
v 424.942 16.076 -205.211
vn -0.1508 0.9837 0.0981
v 459.557 16.539 -154.767
vn -0.1087 0.9850 0.1344
v 464.948 9.641 -78.851
vn -0.1037 0.9922 0.0690
v 313.846 11.273 -235.991
vn -0.0389 0.9854 0.1659
v 488.775 13.215 -77.080
vn -0.1178 0.9909 0.0645
v 491.026 19.966 -168.403
vn -0.0973 0.9692 0.2262
v 483.795 30.794 -194.294
vn -0.1168 0.9766 0.1807
v 424.410 18.418 -237.042
vn -0.1265 0.9879 0.0896
v 349.243 13.307 -243.476
vn -0.0471 0.9828 0.1784
v 513.160 26.590 -174.906
vn -0.0614 0.9800 0.1894
v 492.443 31.315 -216.151
vn -0.1408 0.9892 0.0408
v 535.474 27.925 -182.656
vn 0.0616 0.9827 0.1747
v 480.329 24.930 -239.414
vn -0.2774 0.9566 0.0894
v 512.957 40.756 -232.011
vn -0.1982 0.9406 0.2755
v 538.389 30.719 -208.398
vn 0.0389 0.9581 0.2837
v 570.339 16.807 -147.630
vn 0.0169 0.9936 0.1115
v 587.456 17.560 -120.886
vn -0.0688 0.9907 0.1172
v 465.169 27.868 -261.795
vn -0.1867 0.9430 0.2754
v 488.713 35.783 -269.280
vn -0.4343 0.8296 0.3507
v 516.477 58.259 -261.349
vn -0.2439 0.9443 0.2208
v 537.368 40.802 -237.173
vn 0.0734 0.9283 0.3646
v 492.556 50.780 -291.270
vn -0.2914 0.9471 0.1344
v 564.015 37.885 -213.956
vn -0.0534 0.9595 0.2768
v 592.517 24.605 -186.876
vn -0.1109 0.9510 0.2886
v 605.787 23.457 -164.885
vn -0.2963 0.9539 0.0471
v 510.847 50.321 -287.465
vn -0.2133 0.9728 -0.0902
v 532.982 61.903 -275.108
vn 0.0444 0.9865 0.1575
v 569.765 38.705 -245.506
vn 0.0535 0.9736 0.2221
v 626.561 41.133 -223.888
vn -0.2371 0.9417 0.2386
v 645.868 41.455 -205.294
vn -0.4153 0.8860 0.2061
v 462.009 34.793 -302.840
vn -0.2187 0.9503 0.2216
v 500.521 52.000 -322.324
vn -0.3365 0.9275 0.1628
v 536.495 61.132 -292.167
vn -0.1796 0.9666 0.1829
v 560.647 54.007 -287.386
vn 0.1956 0.9317 0.3062
v 597.392 50.867 -289.298
vn -0.0070 0.9878 0.1554
v 646.752 54.720 -264.014
vn -0.3141 0.9452 0.0887
v 667.378 66.960 -228.295
vn -0.3441 0.9210 0.1829
v 665.416 53.401 -188.606
vn -0.2028 0.9518 0.2300
v 628.027 51.617 -310.820
vn 0.0079 0.9999 0.0083
v 664.487 66.167 -290.594
vn -0.2834 0.9586 -0.0264
v 688.894 69.074 -257.926
vn -0.1415 0.9762 0.1644
v 486.429 52.495 -342.799
vn -0.2636 0.9098 0.3206
v 521.535 74.012 -352.709
vn -0.1778 0.9731 0.1466
v 551.017 73.211 -322.215
vn 0.0855 0.9897 0.1148
v 582.975 70.066 -326.160
vn 0.2358 0.9709 0.0422
v 580.622 51.252 -373.009
vn 0.1493 0.9710 -0.1869
v 630.698 44.198 -351.319
vn 0.2974 0.9539 0.0411
v 657.734 44.388 -348.289
vn -0.1909 0.9609 -0.2005
v 619.757 55.489 -367.748
vn 0.1894 0.9802 0.0576
v 655.427 46.157 -397.450
vn 0.0337 0.9607 0.2756
v 672.901 70.147 -306.102
vn -0.1041 0.9670 -0.2325
v 696.397 66.538 -301.200
vn 0.0694 0.9637 -0.2580
v 486.177 65.045 -368.884
vn -0.2565 0.9485 0.1861
v 518.505 72.825 -385.001
vn 0.0174 0.9997 -0.0175
v 616.661 52.911 -398.833
vn 0.0003 0.9879 0.1549
v 647.026 61.413 -422.599
vn -0.0134 0.9541 0.2993
v 553.466 56.352 -414.860
vn 0.2000 0.9732 0.1135
v 574.493 48.289 -407.459
vn 0.0582 0.9706 0.2334
v 595.806 79.641 -454.076
vn -0.0293 0.9252 0.3782
v 596.893 86.427 -490.418
vn 0.1003 0.9902 0.0977
v 627.674 66.301 -446.843
vn -0.0103 0.9427 0.3336
v 658.410 74.892 -447.473
vn -0.0476 0.9679 0.2468
v 522.370 68.818 -438.805
vn 0.1771 0.9563 0.2326
v 554.966 61.740 -443.544
vn -0.0067 0.9175 0.3978
v 558.376 79.672 -469.231
vn -0.0139 0.9819 0.1891
v 520.541 89.102 -478.402
vn -0.0187 0.9797 0.1998
v 624.345 83.891 -479.010
vn 0.2858 0.9557 0.0703
v 641.332 73.793 -478.387
vn 0.1529 0.9879 0.0273
v 129.477 4.404 -309.510
vn -0.0261 0.9955 0.0909
v 163.776 7.678 -323.860
vn -0.0792 0.9856 0.1493
v 114.213 2.162 -283.935
vn 0.0006 0.9984 0.0561
v 106.921 2.764 -291.909
vn -0.0263 0.9981 0.0548
v 93.806 4.678 -319.893
vn -0.0366 0.9935 0.1082
v 94.346 12.033 -378.846
vn -0.0696 0.9870 0.1446
v 171.780 12.436 -341.530
vn -0.0998 0.9727 0.2095
v 193.371 18.512 -363.969
vn -0.0973 0.9805 0.1708
v 246.274 18.669 -327.416
vn -0.1245 0.9825 0.1382
v 72.880 1.789 -294.092
vn -0.0157 0.9977 0.0663
v 81.102 0.122 -251.763
vn -0.0216 0.9995 0.0239
v 48.598 2.642 -306.170
vn -0.0055 0.9976 0.0696
v 66.421 5.650 -342.097
vn -0.0371 0.9924 0.1173
v 49.191 10.953 -381.700
vn 0.0027 0.9861 0.1664
v 36.818 5.652 -344.123
vn 0.0071 0.9920 0.1263
v 91.997 14.838 -407.131
vn -0.0749 0.9751 0.2089
v 128.165 18.100 -389.718
vn -0.1236 0.9729 0.1954
v 165.033 20.847 -380.681
vn -0.0155 0.9910 0.1326
v 201.060 21.338 -387.296
vn -0.0196 0.9983 0.0549
v 217.532 21.876 -360.498
vn -0.0586 0.9950 0.0806
v 0.506 2.273 -300.890
vn 0.0009 0.9971 0.0761
v 18.534 0.538 -274.497
vn -0.0014 0.9995 0.0317
v 33.312 24.551 -443.592
vn 0.0022 0.9739 0.2270
v 77.912 18.191 -418.307
vn -0.0135 0.9651 0.2615
v 9.949 8.503 -371.489
vn -0.0361 0.9902 0.1351
v 103.821 28.234 -444.608
vn -0.0535 0.9673 0.2481
v 151.190 26.442 -426.491
vn 0.0270 0.9917 0.1259
v 171.832 21.066 -406.872
vn 0.0345 0.9936 0.1074
v 69.433 29.860 -461.564
vn -0.0499 0.9714 0.2320
v 174.403 26.375 -435.339
vn 0.0306 0.9891 0.1444
v 136.740 29.426 -462.559
vn 0.0482 0.9726 0.2273
v 44.964 36.068 -498.995
vn 0.0164 0.9548 0.2970
v 97.096 41.963 -500.774
vn -0.0286 0.9639 0.2646
v 114.862 35.864 -468.309
vn 0.0788 0.9658 0.2469
v 137.608 36.289 -484.137
vn 0.0175 0.9652 0.2609
v 169.461 35.366 -477.242
vn -0.0063 0.9795 0.2015
v 107.230 47.941 -545.422
vn 0.0430 0.9889 0.1424
v 151.362 42.128 -500.898
vn 0.0852 0.9889 0.1221
v 59.071 47.184 -525.207
vn -0.0703 0.9789 0.1918
v 77.785 51.459 -528.729
vn -0.0100 0.9897 0.1427
v 71.857 50.628 -567.709
vn -0.0903 0.9956 0.0255
v 117.960 51.843 -568.304
vn 0.0491 0.9919 0.1168
v 153.808 40.282 -551.652
vn 0.1046 0.9843 0.1420
v 174.867 38.523 -540.784
vn -0.0671 0.9827 0.1727
v 39.026 49.503 -525.216
vn -0.0150 0.9882 0.1526
v 42.207 45.101 -563.125
vn -0.1961 0.9786 -0.0622
v 76.943 51.042 -600.000
vn -0.1516 0.9879 0.0319
v 118.759 58.184 -600.000
vn 0.0954 0.9763 0.1944
v 27.377 39.589 -600.000
vn -0.3435 0.9392 -0.0022
v 152.737 50.011 -600.000
vn -0.0982 0.9530 0.2865
v 183.703 50.987 -577.889
vn -0.2823 0.9072 0.3120
v 8.496 29.901 -600.000
vn -0.1629 0.9866 -0.0000
v -43.358 28.891 -548.864
vn -0.1085 0.9928 -0.0506
v 203.530 70.908 -600.000
vn -0.1748 0.9292 0.3255
v 216.827 65.335 -574.824
vn -0.0855 0.9444 0.3176
v 237.331 62.401 -600.000
vn 0.2044 0.9737 0.1007
v 11.075 36.912 -485.443
vn -0.0190 0.9812 0.1923
v -57.912 32.101 -494.456
vn 0.0489 0.9978 -0.0442
v -58.138 29.571 -578.911
vn 0.0511 0.9980 0.0381
v -59.761 32.308 -600.000
vn 0.1221 0.9761 0.1798
v -19.644 29.330 -458.364
vn 0.0101 0.9857 0.1682
v -82.144 30.547 -526.990
vn 0.1459 0.9892 -0.0109
v -65.989 34.482 -488.632
vn 0.0822 0.9927 0.0882
v -99.861 32.882 -570.488
vn 0.2556 0.9610 0.1059
v -0.780 16.057 -417.906
vn 0.0079 0.9706 0.2405
v -55.120 24.690 -451.967
vn -0.0602 0.9886 0.1377
v -34.076 27.344 -440.465
vn 0.0005 0.9734 0.2293
v -122.013 38.343 -522.337
vn 0.2948 0.9485 0.1159
v -117.720 36.002 -484.335
vn 0.0234 0.9868 0.1600
v -96.532 30.397 -458.253
vn -0.0057 0.9673 0.2538
v -82.580 25.751 -452.445
vn 0.0759 0.9712 0.2258
v -54.927 22.875 -427.695
vn -0.0575 0.9836 0.1710
v -132.789 26.826 -472.481
vn -0.1122 0.9460 0.3041
v -98.591 19.488 -423.764
vn 0.0067 0.9478 0.3188
v -62.030 15.460 -401.553
vn -0.0047 0.9764 0.2158
v -28.657 13.627 -409.056
vn 0.0578 0.9608 0.2710
v -131.718 23.278 -448.913
vn -0.1500 0.9746 0.1662
v -114.943 24.454 -432.834
vn -0.0822 0.9554 0.2836
v -137.084 15.972 -419.327
vn -0.0112 0.9695 0.2449
v -128.457 11.641 -406.636
vn -0.0037 0.9681 0.2507
v -184.427 14.752 -429.051
vn 0.0362 0.9815 0.1878
v -137.453 7.286 -379.062
vn 0.0333 0.9908 0.1308
v -169.188 9.708 -379.188
vn 0.0735 0.9898 0.1221
v -34.000 8.816 -376.915
vn 0.0166 0.9907 0.1353
v -164.637 7.194 -344.076
vn 0.0778 0.9956 0.0516
v -132.825 3.013 -312.856
vn 0.0475 0.9977 0.0481
v -120.402 4.525 -340.157
vn -0.0198 0.9960 0.0868
v -76.297 6.585 -346.522
vn 0.0082 0.9931 0.1166
v -37.268 4.503 -334.636
vn 0.0089 0.9969 0.0782
v -18.974 5.291 -340.166
vn -0.0110 0.9965 0.0828
v -41.792 2.248 -297.011
vn 0.0059 0.9980 0.0628
v -57.426 3.709 -313.059
vn 0.0052 0.9975 0.0710
v -85.603 3.223 -315.303
vn -0.0191 0.9972 0.0728
v -92.455 1.604 -282.280
vn 0.0038 0.9988 0.0498
v -154.816 3.922 -285.765
vn 0.0609 0.9966 0.0553
v -127.781 1.264 -260.755
vn 0.0253 0.9989 0.0395
v -89.515 0.144 -248.200
vn 0.0055 0.9997 0.0237
v -74.923 0.783 -268.660
vn 0.0041 0.9994 0.0357
v -41.409 0.035 -253.419
vn 0.0041 0.9997 0.0237
v -11.105 0.663 -277.548
vn 0.0035 0.9994 0.0356
v -58.491 0.000 -218.983
vn 0.0005 1.0000 0.0050
v -13.411 0.000 -180.354
vn -0.0008 1.0000 0.0020
v 12.216 0.000 -218.711
vn 0.0020 1.0000 0.0053
v -116.517 0.056 -230.453
vn 0.0089 0.9998 0.0175
v -111.102 0.000 -199.887
vn 0.0002 1.0000 0.0012
v -151.653 0.049 -210.740
vn 0.0116 0.9997 0.0192
v -161.162 1.544 -253.569
vn 0.0445 0.9969 0.0652
v -77.181 0.000 -162.332
vn 0.0000 1.0000 0.0000
v 0.016 0.000 -175.720
vn 0.0000 1.0000 0.0000
v 29.163 0.000 -212.049
vn -0.0002 1.0000 0.0035
v 31.613 0.000 -177.138
vn 0.0000 1.0000 0.0000
v -112.529 0.000 -165.245
vn 0.0000 1.0000 0.0000
v -132.654 0.000 -167.264
vn 0.0016 1.0000 0.0001
v 52.459 0.000 -219.413
vn 0.0011 1.0000 0.0036
v -186.653 0.224 -199.414
vn 0.0216 0.9996 0.0188
v -211.886 2.804 -234.347
vn 0.0496 0.9956 0.0790
v -186.620 1.570 -234.114
vn 0.0417 0.9973 0.0606
v -202.023 5.372 -263.345
vn 0.0862 0.9920 0.0925
v -233.438 0.739 -176.310
vn 0.0398 0.9987 0.0326
v -246.684 3.365 -224.210
vn 0.0673 0.9925 0.1021
v -270.829 11.072 -258.283
vn 0.1112 0.9837 0.1410
v -178.085 5.313 -286.604
vn 0.0583 0.9965 0.0600
v -198.570 6.348 -286.371
vn 0.1122 0.9916 0.0644
v -232.151 13.157 -298.350
vn 0.1372 0.9870 0.0837
v -199.383 10.115 -331.585
vn 0.1085 0.9932 0.0409
v 603.228 75.998 -523.985
vn 0.0846 0.9922 -0.0918
v 560.824 82.061 -509.444
vn 0.0362 0.9982 -0.0479
v 521.959 80.967 -497.759
vn -0.2505 0.9674 -0.0383
v 504.016 78.550 -454.725
vn -0.2289 0.9717 0.0588
v 658.590 73.542 -488.337
vn -0.0968 0.9813 0.1662
v 497.485 67.662 -426.854
vn -0.0431 0.9931 0.1086
v 534.378 86.447 -515.816
vn -0.0004 0.9984 0.0560
v 543.441 77.117 -535.048
vn 0.2027 0.9792 -0.0008
v 491.654 67.255 -489.197
vn -0.1802 0.9823 -0.0508
v 484.885 68.246 -525.851
vn -0.2518 0.9392 0.2333
v 455.996 65.873 -493.190
vn 0.0578 0.9976 -0.0376
v 457.675 67.963 -456.294
vn -0.0721 0.9949 0.0706
v 472.824 67.670 -413.797
vn -0.0683 0.9964 0.0504
v 450.763 68.566 -531.667
vn 0.0958 0.9715 0.2169
v 495.550 82.497 -545.268
vn -0.1568 0.9407 0.3009
v 522.373 85.661 -564.063
vn 0.1040 0.9851 0.1369
v 558.832 85.693 -567.729
vn 0.1223 0.9908 0.0587
v 480.350 89.481 -577.832
vn -0.0219 0.9687 0.2473
v 517.844 94.745 -581.859
vn 0.0675 0.9969 0.0402
v 419.016 76.583 -475.039
vn -0.0879 0.9800 0.1785
v 429.630 69.173 -434.604
vn -0.1478 0.9801 0.1327
v 444.909 63.761 -414.591
vn -0.1786 0.9757 0.1268
v 473.420 95.997 -600.000
vn -0.0459 0.9925 0.1132
v 414.677 79.163 -511.037
vn -0.1479 0.9890 -0.0037
v 431.637 79.895 -548.821
vn -0.1449 0.9763 0.1608
v 438.690 87.412 -580.251
vn -0.3166 0.9363 0.1523
v 383.001 47.206 -563.646
vn -0.3356 0.9416 -0.0290
v 393.633 67.799 -600.000
vn -0.4325 0.8939 0.1180
v 393.898 40.779 -402.421
vn -0.3556 0.9150 0.1904
v 384.549 35.731 -376.468
vn -0.2883 0.9453 0.1523
v 351.562 31.388 -388.773
vn -0.0440 0.9628 0.2666
v 354.280 40.784 -408.826
vn -0.1109 0.9503 0.2908
v 381.898 54.890 -454.843
vn -0.2099 0.9581 0.1947
v 382.703 64.846 -491.276
vn -0.2246 0.9684 0.1083
v 338.850 54.192 -547.597
vn -0.1600 0.9820 -0.1003
v 355.410 45.138 -579.948
vn -0.0674 0.9969 0.0394
v 365.706 49.666 -600.000
vn -0.2434 0.9655 0.0930
v 352.460 61.581 -463.619
vn -0.0695 0.9841 0.1636
v 348.119 53.145 -501.912
vn -0.1155 0.9809 -0.1568
v 306.912 55.154 -600.000
vn 0.1370 0.9654 0.2221
v 324.965 50.140 -577.167
vn 0.0183 0.9986 0.0498
v 308.739 45.875 -551.155
vn -0.0943 0.9955 -0.0027
v 261.521 47.679 -556.288
vn 0.1434 0.9769 0.1584
v 322.767 32.715 -375.347
vn -0.0599 0.9833 0.1716
v 330.239 43.728 -437.434
vn -0.1749 0.9431 0.2828
v 307.411 54.582 -468.959
vn -0.1774 0.9604 0.2149
v 327.898 60.272 -491.645
vn -0.0640 0.9797 -0.1899
v 304.809 51.408 -507.130
vn -0.0324 0.9790 -0.2015
v 281.616 46.980 -531.858
vn 0.0418 0.9883 -0.1467
v 311.849 32.843 -402.857
vn -0.2345 0.9497 0.2077
v 246.075 57.973 -500.606
vn -0.1771 0.9750 0.1339
v 295.608 36.374 -437.087
vn -0.2554 0.9119 0.3213
v 231.176 52.833 -519.362
vn -0.1429 0.9884 0.0522
v 288.755 23.606 -371.083
vn -0.1760 0.9816 0.0743
v 238.102 57.889 -560.604
vn 0.1165 0.9619 0.2473
v 209.578 47.690 -546.485
vn -0.2454 0.9147 0.3211
v 209.346 37.614 -509.391
vn -0.2987 0.9494 0.0967
v 221.789 42.816 -479.773
vn -0.1518 0.9643 0.2170
v 241.396 32.388 -456.335
vn -0.1071 0.9147 0.3896
v 268.146 26.013 -426.022
vn -0.1521 0.9674 0.2024
v 192.180 38.142 -499.007
vn -0.0825 0.9962 0.0274
v 226.910 23.307 -427.517
vn -0.0322 0.9741 0.2238
v 206.122 35.651 -462.213
vn -0.1192 0.9541 0.2749
v 202.852 21.725 -429.848
vn -0.0093 0.9797 0.2001
v 246.047 21.010 -400.028
vn -0.0364 0.9980 0.0523
v 266.263 20.045 -337.689
vn -0.0708 0.9974 0.0144
v 279.466 22.818 -317.313
vn -0.0930 0.9909 0.0976
v 293.943 18.110 -297.666
vn -0.0780 0.9797 0.1845
v 298.273 24.058 -327.654
vn -0.0904 0.9893 0.1149
v 318.228 23.312 -312.044
vn -0.0674 0.9914 0.1121
v 272.286 11.524 -268.498
vn -0.1594 0.9803 0.1163
v 300.224 17.127 -262.260
vn -0.1003 0.9832 0.1524
v 324.681 19.028 -270.297
vn -0.0473 0.9810 0.1883
v 352.313 22.236 -273.493
vn -0.0329 0.9893 0.1422
v 346.127 24.068 -340.418
vn -0.0001 0.9947 0.1023
v 372.697 25.330 -314.550
vn -0.0244 0.9886 0.1487
v 388.095 18.831 -262.411
vn -0.0606 0.9892 0.1338
v 398.360 35.696 -357.463
vn -0.1485 0.9363 0.3182
v 401.110 25.357 -336.483
vn -0.0216 0.9650 0.2613
v 436.731 28.577 -316.388
vn -0.2951 0.9460 0.1341
v 422.089 25.683 -267.071
vn -0.1192 0.9740 0.1925
v 453.618 44.660 -359.718
vn -0.2703 0.8798 0.3910
v 457.951 68.501 -393.599
vn -0.0992 0.9790 0.1778
v 481.810 62.412 -391.476
vn -0.0218 0.9977 0.0649
v 644.172 19.621 -122.130
vn -0.1552 0.9385 0.3084
v 606.761 11.878 -94.163
vn 0.0216 0.9933 0.1137
v 657.295 13.092 -86.824
vn -0.1863 0.9613 0.2031
v 676.162 37.077 -137.587
vn -0.2775 0.9254 0.2581
v 705.139 50.878 -183.906
vn -0.1240 0.9705 0.2067
v 705.962 50.047 -143.135
vn -0.1579 0.9602 0.2304
v 728.772 33.835 -105.015
vn -0.1588 0.9527 0.2592
v 753.896 53.033 -176.122
vn -0.0111 0.9669 0.2549
v 725.158 69.684 -228.038
vn -0.1866 0.9015 0.3904
v 760.094 44.142 -105.020
vn 0.0386 0.9609 0.2741
v 792.777 43.577 -145.504
vn 0.1108 0.9514 0.2874
v 721.184 88.611 -264.299
vn -0.1553 0.9871 0.0380
v 789.521 63.231 -207.507
vn 0.2158 0.9542 0.2072
v 793.868 49.611 -173.618
vn 0.1042 0.9802 0.1683
v 827.035 50.207 -155.838
vn 0.0943 0.9898 0.1066
v 850.643 42.289 -184.782
vn 0.0875 0.9936 0.0715
v 837.222 47.662 -221.395
vn 0.1179 0.9236 0.3648
v 818.630 65.475 -248.169
vn -0.0068 0.9156 0.4021
v 665.579 87.345 -518.184
vn -0.0633 0.9948 0.0799
v 706.030 87.819 -497.033
vn -0.2555 0.9668 0.0068
v 691.432 68.649 -434.625
vn -0.2568 0.9298 0.2638
v 718.902 99.830 -469.409
vn -0.0301 0.9961 0.0829
vt 0.518600 0.895000
vt 0.374400 0.994200
vt 0.519400 0.992900
vt 0.399700 0.893900
vt 0.329300 0.893300
vt 0.325300 0.963100
vt 0.287400 0.995900
vt 0.372900 0.833500
vt 0.374200 0.785600
vt 0.518300 0.681900
vt 0.309900 0.851600
vt 0.297800 0.922600
vt 0.274100 0.869400
vt 0.297600 0.834700
vt 0.278400 0.969900
vt 0.296100 0.944800
vt 0.251300 0.991100
vt 0.234100 0.998600
vt 0.268800 0.927500
vt 0.266100 0.905700
vt 0.269700 0.952300
vt 0.261200 0.967300
vt 0.249000 0.943000
vt 0.241200 0.985200
vt 0.250900 0.972000
vt 0.236200 0.948600
vt 0.228900 0.931400
vt 0.228900 0.918300
vt 0.223000 0.977600
vt 0.212300 0.990300
vt 0.207700 0.999900
vt 0.213000 0.968300
vt 0.220800 0.943500
vt 0.213200 0.923600
vt 0.191400 0.998200
vt 0.204400 0.978500
vt 0.202500 0.968600
vt 0.207600 0.953400
vt 0.207800 0.935500
vt 0.176600 0.989600
vt 0.189200 0.958200
vt 0.174800 0.971100
vt 0.194600 0.934200
vt 0.163200 0.999000
vt 0.157300 0.974300
vt 0.183200 0.959100
vt 0.175200 0.961500
vt 0.179400 0.948300
vt 0.184000 0.938300
vt 0.168500 0.959900
vt 0.174400 0.938600
vt 0.199300 0.910100
vt 0.145500 0.988700
vt 0.136300 0.998000
vt 0.142300 0.973000
vt 0.151500 0.963600
vt 0.156500 0.941300
vt 0.174400 0.922100
vt 0.182200 0.910200
vt 0.162400 0.917400
vt 0.163000 0.930900
vt 0.142100 0.927500
vt 0.135800 0.943800
vt 0.135700 0.958100
vt 0.126900 0.991900
vt 0.135800 0.980000
vt 0.124000 0.998100
vt 0.124500 0.978800
vt 0.106100 0.998000
vt 0.114900 0.991700
vt 0.126600 0.954400
vt 0.122100 0.944700
vt 0.129300 0.927900
vt 0.142500 0.914400
vt 0.118900 0.971300
vt 0.099800 0.989800
vt 0.086300 0.998200
vt 0.109300 0.968800
vt 0.111500 0.957300
vt 0.096000 0.982100
vt 0.088600 0.971700
vt 0.093000 0.956300
vt 0.096000 0.944900
vt 0.071900 0.987500
vt 0.074300 0.973900
vt 0.064500 0.996200
vt 0.059800 0.983200
vt 0.070100 0.962200
vt 0.070500 0.951600
vt 0.054500 0.976100
vt 0.037400 0.990900
vt 0.031800 0.991900
vt 0.032800 0.982100
vt 0.029900 0.976500
vt 0.049700 0.966900
vt 0.054100 0.957300
vt 0.040100 0.965600
vt 0.027800 0.957600
vt 0.047100 0.946200
vt 0.059300 0.944800
vt 0.034800 0.954600
vt 0.046200 0.937200
vt 0.026500 0.936200
vt 0.044200 0.928000
vt 0.031300 0.924000
vt 0.026500 0.917600
vt 0.043600 0.921300
vt 0.028600 0.899100
vt 0.064500 0.931500
vt 0.052700 0.920700
vt 0.072800 0.940700
vt 0.082700 0.930500
vt 0.054900 0.895000
vt 0.045800 0.898400
vt 0.063300 0.912300
vt 0.070100 0.924100
vt 0.033500 0.889400
vt 0.029200 0.880800
vt 0.075300 0.903300
vt 0.084700 0.920000
vt 0.040900 0.884100
vt 0.105800 0.924100
vt 0.101100 0.935600
vt 0.070000 0.893300
vt 0.060700 0.886900
vt 0.034700 0.870000
vt 0.031700 0.855000
vt 0.098300 0.908900
vt 0.081500 0.891300
vt 0.109800 0.911600
vt 0.099800 0.892000
vt 0.084100 0.878000
vt 0.069800 0.870500
vt 0.079800 0.873200
vt 0.060000 0.873500
vt 0.041000 0.862100
vt 0.044100 0.857400
vt 0.051900 0.853100
vt 0.088400 0.865500
vt 0.100100 0.876700
vt 0.117600 0.882200
vt 0.039300 0.851400
vt 0.036500 0.846500
vt 0.062200 0.844700
vt 0.109800 0.862000
vt 0.084900 0.855200
vt 0.111900 0.869500
vt 0.051600 0.839700
vt 0.034600 0.836800
vt 0.030700 0.820900
vt 0.120800 0.620900
vt 0.113200 0.607200
vt 0.105000 0.612500
vt 0.097100 0.601500
vt 0.114800 0.628200
vt 0.135700 0.624100
vt 0.126300 0.640600
vt 0.150500 0.637800
vt 0.092500 0.610100
vt 0.087700 0.603000
vt 0.107700 0.632200
vt 0.099800 0.622400
vt 0.086800 0.624200
vt 0.113500 0.651700
vt 0.107900 0.640000
vt 0.131700 0.650100
vt 0.095700 0.633900
vt 0.099800 0.652000
vt 0.090800 0.642700
vt 0.085600 0.641500
vt 0.088700 0.652700
vt 0.099800 0.657500
vt 0.082600 0.658800
vt 0.117600 0.672600
vt 0.123300 0.680300
vt 0.063900 0.654000
vt 0.068900 0.643900
vt 0.104700 0.672100
vt 0.095600 0.674200
vt 0.106200 0.693800
vt 0.054200 0.666800
vt 0.057600 0.646300
vt 0.087000 0.676200
vt 0.075000 0.672300
vt 0.066500 0.670400
vt 0.099300 0.690300
vt 0.092400 0.688200
vt 0.081700 0.683900
vt 0.066900 0.682800
vt 0.048600 0.680700
vt 0.087800 0.696900
vt 0.073000 0.695500
vt 0.061000 0.693300
vt 0.112000 0.710500
vt 0.091600 0.711400
vt 0.071700 0.714900
vt 0.057000 0.710600
vt 0.048300 0.696700
vt 0.034300 0.720500
vt 0.038700 0.698700
vt 0.032500 0.678500
vt 0.044700 0.663900
vt 0.031400 0.653600
vt 0.047800 0.653900
vt 0.023100 0.678100
vt 0.020400 0.657000
vt 0.030600 0.645300
vt 0.029700 0.712900
vt 0.028300 0.702200
vt 0.024000 0.709900
vt 0.019300 0.644900
vt 0.023800 0.637700
vt 0.044200 0.631500
vt 0.016900 0.610000
vt 0.061400 0.633100
vt 0.031900 0.622900
vt 0.032500 0.607400
vt 0.045000 0.612500
vt 0.052700 0.616700
vt 0.027100 0.588000
vt 0.014100 0.593800
vt 0.077100 0.627800
vt 0.069100 0.619400
vt 0.060400 0.609100
vt 0.050100 0.597600
vt 0.076100 0.605800
vt 0.060600 0.590000
vt 0.036700 0.580300
vt 0.018100 0.575100
vt 0.029900 0.572500
vt 0.009300 0.562400
vt 0.044200 0.572000
vt 0.125600 0.698600
vt 0.131700 0.683500
vt 0.142700 0.694900
vt 0.143200 0.681400
vt 0.143400 0.672100
vt 0.159700 0.696000
vt 0.155800 0.681700
vt 0.157300 0.673200
vt 0.189500 0.668600
vt 0.161700 0.664600
vt 0.141200 0.660100
vt 0.147700 0.650300
vt 0.162500 0.654300
vt 0.154900 0.641500
vt 0.173500 0.653300
vt 0.208800 0.664800
vt 0.163400 0.626700
vt 0.170600 0.634000
vt 0.188300 0.639500
vt 0.180400 0.625500
vt 0.210800 0.638600
vt 0.188900 0.611300
vt 0.519400 0.004000
vt 0.451600 0.003900
vt 0.519300 0.110700
vt 0.383200 0.107600
vt 0.332800 0.035200
vt 0.305100 0.003500
vt 0.289200 0.093800
vt 0.265600 0.039500
vt 0.441600 0.183300
vt 0.519100 0.286100
vt 0.351100 0.169000
vt 0.306100 0.157600
vt 0.381500 0.286200
vt 0.330000 0.246600
vt 0.519100 0.374000
vt 0.233400 0.014100
vt 0.231200 0.003300
vt 0.250900 0.061700
vt 0.232300 0.036200
vt 0.225000 0.023800
vt 0.207300 0.013300
vt 0.209500 0.034600
vt 0.200400 0.051400
vt 0.204800 0.002800
vt 0.188800 0.003100
vt 0.193800 0.020100
vt 0.182800 0.033100
vt 0.238100 0.086800
vt 0.169600 0.018800
vt 0.185000 0.008700
vt 0.169100 0.002900
vt 0.178400 0.050700
vt 0.164800 0.033900
vt 0.154900 0.018200
vt 0.166800 0.048100
vt 0.182100 0.083800
vt 0.167000 0.062700
vt 0.153500 0.058400
vt 0.152100 0.050100
vt 0.150400 0.009000
vt 0.133900 0.000600
vt 0.127200 0.010900
vt 0.114800 0.000500
vt 0.134200 0.036400
vt 0.140900 0.019700
vt 0.137500 0.049500
vt 0.136200 0.026000
vt 0.124900 0.026800
vt 0.175600 0.093000
vt 0.151900 0.070400
vt 0.110700 0.019700
vt 0.112200 0.010400
vt 0.105600 0.034700
vt 0.121100 0.047800
vt 0.087900 0.007500
vt 0.069600 0.000100
vt 0.043900 0.824500
vt 0.077000 0.835000
vt 0.065100 0.835600
vt 0.054700 0.831600
vt 0.067400 0.826300
vt 0.056900 0.818700
vt 0.044000 0.816500
vt 0.062600 0.810900
vt 0.081700 0.816700
vt 0.088800 0.844800
vt 0.087800 0.831100
vt 0.036800 0.811900
vt 0.029500 0.795800
vt 0.047000 0.799700
vt 0.036400 0.795700
vt 0.039600 0.780600
vt 0.027000 0.775300
vt 0.083400 0.805100
vt 0.066600 0.796300
vt 0.092300 0.817300
vt 0.107100 0.836100
vt 0.050100 0.779800
vt 0.026600 0.764000
vt 0.077100 0.788100
vt 0.065700 0.789400
vt 0.069400 0.776000
vt 0.054700 0.768100
vt 0.094100 0.792000
vt 0.084500 0.782400
vt 0.091100 0.773500
vt 0.086400 0.762900
vt 0.031300 0.757100
vt 0.025800 0.747000
vt 0.089500 0.754900
vt 0.105200 0.758100
vt 0.050900 0.750400
vt 0.035400 0.749400
vt 0.064900 0.735800
vt 0.046600 0.738200
vt 0.035000 0.737300
vt 0.025900 0.737400
vt 0.040800 0.724500
vt 0.059500 0.721800
vt 0.075000 0.730600
vt 0.079400 0.743200
vt 0.063400 0.754000
vt 0.074700 0.753200
vt 0.085200 0.748000
vt 0.085400 0.738400
vt 0.093700 0.747200
vt 0.091500 0.732500
vt 0.079900 0.719300
vt 0.109000 0.728700
vt 0.112600 0.746400
vt 0.113000 0.737500
vt 0.123300 0.754100
vt 0.128900 0.737700
vt 0.124000 0.721700
vt 0.107700 0.769900
vt 0.143600 0.738400
vt 0.144900 0.722100
vt 0.134400 0.770900
vt 0.140800 0.762600
vt 0.121100 0.783900
vt 0.130500 0.709500
vt 0.152500 0.761400
vt 0.154800 0.732400
vt 0.146700 0.711400
vt 0.131200 0.788400
vt 0.141700 0.776100
vt 0.147800 0.769900
vt 0.173200 0.759600
vt 0.165900 0.754500
vt 0.181600 0.748800
vt 0.182100 0.731900
vt 0.165900 0.722400
vt 0.161600 0.702400
vt 0.172200 0.714500
vt 0.174800 0.693500
vt 0.144300 0.794300
vt 0.152800 0.782000
vt 0.165300 0.775000
vt 0.172400 0.769300
vt 0.182000 0.775400
vt 0.175100 0.786900
vt 0.165400 0.794500
vt 0.197600 0.720700
vt 0.185200 0.698600
vt 0.178000 0.683100
vt 0.207600 0.701400
vt 0.177300 0.806700
vt 0.195000 0.775900
vt 0.180500 0.762300
vt 0.150800 0.803700
vt 0.171700 0.816600
vt 0.192700 0.813700
vt 0.198500 0.759300
vt 0.195900 0.748800
vt 0.207500 0.812400
vt 0.214400 0.784700
vt 0.217500 0.758300
vt 0.208300 0.736000
vt 0.199400 0.823100
vt 0.182800 0.824200
vt 0.214200 0.828300
vt 0.235900 0.789400
vt 0.240700 0.771700
vt 0.243700 0.749700
vt 0.225200 0.748500
vt 0.222100 0.721900
vt 0.245600 0.718400
vt 0.261600 0.742600
vt 0.218200 0.699400
vt 0.193400 0.835800
vt 0.187500 0.832000
vt 0.202400 0.849100
vt 0.224900 0.846500
vt 0.173900 0.856800
vt 0.232200 0.674000
vt 0.215200 0.677200
vt 0.173500 0.842000
vt 0.162900 0.842700
vt 0.167600 0.830400
vt 0.155900 0.838800
vt 0.142900 0.850500
vt 0.148000 0.831500
vt 0.143900 0.809100
vt 0.138900 0.813100
vt 0.126100 0.808100
vt 0.132900 0.827100
vt 0.132000 0.843700
vt 0.121100 0.834300
vt 0.120900 0.823100
vt 0.133600 0.852300
vt 0.106700 0.851300
vt 0.098400 0.016000
vt 0.100500 0.023000
vt 0.090700 0.029900
vt 0.075600 0.014400
vt 0.059600 0.008300
vt 0.044800 0.000700
vt 0.060000 0.019100
vt 0.073200 0.027800
vt 0.092900 0.042700
vt 0.103900 0.053900
vt 0.084300 0.047200
vt 0.065900 0.031400
vt 0.052100 0.029900
vt 0.047100 0.011000
vt 0.039000 0.028400
vt 0.033000 0.002100
vt 0.092600 0.059500
vt 0.075100 0.055600
vt 0.055700 0.053700
vt 0.035100 0.051000
vt 0.021400 0.033200
vt 0.030000 0.020600
vt 0.019300 0.014700
vt 0.023400 0.000900
vt 0.008600 0.000100
vt 0.005300 0.010100
vt 0.083100 0.068200
vt 0.057100 0.069800
vt 0.037300 0.061900
vt 0.006100 0.032000
vt 0.023200 0.048900
vt 0.029900 0.059900
vt 0.005900 0.055800
vt 0.020200 0.059500
vt 0.023700 0.072700
vt 0.039500 0.072900
vt 0.015300 0.084700
vt 0.036500 0.091600
vt 0.004100 0.086900
vt 0.056100 0.084600
vt 0.072700 0.076200
vt 0.035300 0.101900
vt 0.002700 0.101900
vt 0.014200 0.095300
vt 0.017400 0.106200
vt 0.064400 0.103100
vt 0.070900 0.094000
vt 0.028200 0.116000
vt 0.006500 0.114400
vt 0.002400 0.132200
vt 0.015900 0.125100
vt 0.042000 0.118000
vt 0.048800 0.117500
vt 0.029200 0.137700
vt 0.019600 0.150500
vt 0.041000 0.129500
vt 0.045100 0.140600
vt 0.001100 0.155300
vt 0.057100 0.131400
vt 0.061100 0.120000
vt 0.004400 0.159900
vt 0.000700 0.173900
vt 0.015000 0.163900
vt 0.037300 0.160800
vt 0.010300 0.172600
vt 0.000100 0.185700
vt 0.047800 0.157600
vt 0.057400 0.148700
vt 0.034200 0.173000
vt 0.025000 0.175300
vt 0.016700 0.184700
vt 0.050800 0.172000
vt 0.039600 0.191900
vt 0.029100 0.206600
vt 0.010200 0.203900
vt 0.000800 0.207800
vt 0.001900 0.229100
vt 0.069600 0.168400
vt 0.068200 0.155100
vt 0.071000 0.148100
vt 0.083300 0.170600
vt 0.064800 0.195200
vt 0.056300 0.201600
vt 0.012700 0.222600
vt 0.026200 0.228500
vt 0.012000 0.244300
vt 0.003800 0.248400
vt 0.087900 0.150300
vt 0.077000 0.138900
vt 0.081700 0.208400
vt 0.087000 0.192000
vt 0.100800 0.173000
vt 0.090400 0.162100
vt 0.015400 0.259200
vt 0.026800 0.243600
vt 0.002600 0.266000
vt 0.098600 0.154500
vt 0.092800 0.141000
vt 0.114800 0.168900
vt 0.115000 0.188400
vt 0.106100 0.217400
vt 0.120700 0.158700
vt 0.101700 0.142700
vt 0.133200 0.165100
vt 0.139600 0.194600
vt 0.136300 0.176100
vt 0.141100 0.178800
vt 0.006900 0.270000
vt 0.001900 0.298100
vt 0.095900 0.127700
vt 0.113100 0.139900
vt 0.142500 0.149100
vt 0.121200 0.137700
vt 0.117600 0.121300
vt 0.086000 0.119100
vt 0.139100 0.135200
vt 0.126400 0.121400
vt 0.159100 0.138200
vt 0.143900 0.119500
vt 0.128700 0.105000
vt 0.107500 0.102900
vt 0.123100 0.094200
vt 0.107000 0.090900
vt 0.077700 0.107800
vt 0.098100 0.093700
vt 0.082900 0.089800
vt 0.096100 0.081600
vt 0.098000 0.066500
vt 0.133800 0.090500
vt 0.125700 0.072900
vt 0.115000 0.057700
vt 0.126200 0.055400
vt 0.134600 0.060600
vt 0.136600 0.077500
vt 0.147100 0.096300
vt 0.171800 0.104800
vt 0.159600 0.089400
vt 0.166300 0.125300
vt 0.197200 0.112500
vt 0.202800 0.083100
vt 0.124700 0.794500
vt 0.105200 0.794500
vt 0.119100 0.816300
vt 0.109900 0.806600
vt 0.107200 0.829500
vt 0.104600 0.820900
vt 0.099600 0.813900
vt 0.096000 0.807500
vt 0.123100 0.863200
vt 0.123600 0.874800
vt 0.133400 0.883000
vt 0.138000 0.871000
vt 0.129500 0.902000
vt 0.141400 0.908200
vt 0.138900 0.896000
vt 0.150100 0.887600
vt 0.145800 0.879300
vt 0.157200 0.902700
vt 0.153500 0.872000
vt 0.160800 0.855000
vt 0.163800 0.877600
vt 0.160600 0.891100
vt 0.167200 0.900300
vt 0.178000 0.875600
vt 0.181100 0.861600
vt 0.199700 0.870000
vt 0.194800 0.886500
vt 0.211700 0.903100
vt 0.224900 0.903000
vt 0.214900 0.877000
vt 0.207700 0.861500
vt 0.234700 0.858600
vt 0.236500 0.871500
vt 0.242200 0.908500
vt 0.254700 0.831000
vt 0.258900 0.799600
vt 0.285500 0.806300
vt 0.268300 0.793600
vt 0.258400 0.779800
vt 0.269400 0.761400
vt 0.288400 0.784000
vt 0.316100 0.761100
vt 0.311100 0.785000
vt 0.324000 0.802000
vt 0.286600 0.736300
vt 0.313800 0.727900
vt 0.370500 0.692800
vt 0.317900 0.692200
vt 0.362700 0.659900
vt 0.259700 0.701800
vt 0.284100 0.688600
vt 0.256700 0.683300
vt 0.269500 0.662400
vt 0.297100 0.681900
vt 0.336500 0.660900
vt 0.300300 0.636000
vt 0.333200 0.631400
vt 0.363700 0.608300
vt 0.519000 0.503100
vt 0.226000 0.655300
vt 0.248500 0.646100
vt 0.265600 0.613300
vt 0.289800 0.601900
vt 0.327500 0.602900
vt 0.226500 0.634300
vt 0.313200 0.569200
vt 0.238000 0.617900
vt 0.383700 0.503100
vt 0.304700 0.536900
vt 0.237300 0.611300
vt 0.250600 0.594200
vt 0.278500 0.569600
vt 0.262700 0.557200
vt 0.213400 0.617400
vt 0.242900 0.574900
vt 0.232100 0.586000
vt 0.221200 0.601600
vt 0.265100 0.528400
vt 0.283600 0.486300
vt 0.226600 0.557600
vt 0.253200 0.544200
vt 0.236500 0.507800
vt 0.217600 0.520900
vt 0.203100 0.572500
vt 0.202400 0.554900
vt 0.203700 0.590000
vt 0.201700 0.606000
vt 0.203000 0.539900
vt 0.230000 0.497900
vt 0.243100 0.484500
vt 0.213000 0.508400
vt 0.212800 0.470800
vt 0.222600 0.460700
vt 0.182900 0.595600
vt 0.188100 0.534900
vt 0.190300 0.505500
vt 0.189200 0.478700
vt 0.162100 0.479200
vt 0.170300 0.467000
vt 0.182300 0.460400
vt 0.204200 0.455700
vt 0.151200 0.455200
vt 0.155200 0.444000
vt 0.190400 0.444900
vt 0.180100 0.435000
vt 0.210400 0.443000
vt 0.140800 0.460200
vt 0.145100 0.445900
vt 0.137600 0.435400
vt 0.147300 0.429300
vt 0.133400 0.448300
vt 0.120000 0.424200
vt 0.128100 0.422500
vt 0.127500 0.412200
vt 0.152600 0.412500
vt 0.192500 0.126900
vt 0.230200 0.118400
vt 0.237100 0.098800
vt 0.186900 0.137000
vt 0.176800 0.146700
vt 0.254600 0.133400
vt 0.231300 0.138600
vt 0.197900 0.151700
vt 0.267000 0.163600
vt 0.249600 0.152000
vt 0.227300 0.157800
vt 0.233100 0.173400
vt 0.272900 0.203500
vt 0.295200 0.186900
vt 0.286100 0.228200
vt 0.241200 0.198000
vt 0.213500 0.176800
vt 0.253900 0.232600
vt 0.216500 0.196800
vt 0.264300 0.257300
vt 0.291600 0.264300
vt 0.236100 0.246300
vt 0.217800 0.215800
vt 0.318300 0.293800
vt 0.300200 0.322700
vt 0.275700 0.291900
vt 0.337200 0.340000
vt 0.247100 0.289700
vt 0.223400 0.264700
vt 0.245400 0.320700
vt 0.233100 0.295000
vt 0.188500 0.290900
vt 0.212600 0.266000
vt 0.367400 0.342000
vt 0.350900 0.377400
vt 0.290000 0.375000
vt 0.275100 0.417800
vt 0.257600 0.389900
vt 0.239700 0.344100
vt 0.256700 0.453200
vt 0.245900 0.430100
vt 0.255600 0.414200
vt 0.221400 0.441200
vt 0.244800 0.406100
vt 0.227400 0.376000
vt 0.226300 0.424300
vt 0.217900 0.401900
vt 0.216200 0.386400
vt 0.211700 0.353300
vt 0.227000 0.350300
vt 0.181500 0.372200
vt 0.201200 0.402000
vt 0.213400 0.423800
vt 0.185800 0.398300
vt 0.188300 0.420500
vt 0.168100 0.373200
vt 0.176700 0.361600
vt 0.192200 0.348800
vt 0.215300 0.338600
vt 0.188100 0.337900
vt 0.172800 0.418700
vt 0.172400 0.409900
vt 0.152600 0.392100
vt 0.158700 0.383200
vt 0.159500 0.358800
vt 0.159000 0.332400
vt 0.178100 0.317400
vt 0.208300 0.315100
vt 0.146300 0.380200
vt 0.208500 0.304900
vt 0.173600 0.304200
vt 0.161200 0.307800
vt 0.146800 0.332700
vt 0.144600 0.364800
vt 0.169400 0.294900
vt 0.153000 0.304300
vt 0.166700 0.285400
vt 0.144500 0.311200
vt 0.145500 0.295400
vt 0.157200 0.283400
vt 0.181600 0.269900
vt 0.191900 0.262500
vt 0.136500 0.316600
vt 0.134300 0.307300
vt 0.132300 0.294000
vt 0.144900 0.284300
vt 0.124400 0.303400
vt 0.153700 0.273100
vt 0.166500 0.261300
vt 0.174600 0.255600
vt 0.123700 0.296600
vt 0.128300 0.288400
vt 0.142200 0.270300
vt 0.151100 0.247200
vt 0.158300 0.239500
vt 0.121900 0.317600
vt 0.112600 0.302300
vt 0.122300 0.286500
vt 0.125400 0.275100
vt 0.124800 0.259200
vt 0.135000 0.238100
vt 0.147800 0.228400
vt 0.163300 0.229100
vt 0.116300 0.245700
vt 0.124900 0.229200
vt 0.137900 0.219400
vt 0.105300 0.308700
vt 0.099700 0.292700
vt 0.110400 0.281200
vt 0.109500 0.268000
vt 0.090500 0.265700
vt 0.100300 0.243600
vt 0.101500 0.233000
vt 0.093700 0.250000
vt 0.084000 0.234200
vt 0.119200 0.225100
vt 0.120800 0.215600
vt 0.093800 0.307400
vt 0.087700 0.293600
vt 0.081800 0.251000
vt 0.073000 0.238300
vt 0.076000 0.275800
vt 0.079000 0.267000
vt 0.059400 0.260600
vt 0.046300 0.259500
vt 0.063400 0.246600
vt 0.062000 0.233800
vt 0.067200 0.290300
vt 0.065800 0.276200
vt 0.054000 0.275600
vt 0.051700 0.290800
vt 0.050000 0.249000
vt 0.050500 0.240800
vt 0.120300 0.459200
vt 0.114400 0.445400
vt 0.130000 0.465700
vt 0.126800 0.469100
vt 0.116400 0.474500
vt 0.094000 0.474200
vt 0.105900 0.441200
vt 0.097500 0.432300
vt 0.110300 0.411000
vt 0.127200 0.483200
vt 0.143400 0.479200
vt 0.121900 0.494100
vt 0.108000 0.486900
vt 0.092600 0.492900
vt 0.106900 0.498400
vt 0.083800 0.476000
vt 0.088700 0.459000
vt 0.091500 0.444000
vt 0.087900 0.428600
vt 0.098700 0.422400
vt 0.124300 0.513900
vt 0.133300 0.506600
vt 0.068500 0.499700
vt 0.078800 0.481400
vt 0.096800 0.509500
vt 0.067700 0.469800
vt 0.074700 0.449600
vt 0.080300 0.439400
vt 0.061700 0.484600
vt 0.070000 0.438700
vt 0.060400 0.455000
vt 0.048600 0.494700
vt 0.046300 0.473800
vt 0.057900 0.466000
vt 0.051800 0.455800
vt 0.053400 0.441500
vt 0.028500 0.469700
vt 0.044800 0.450600
vt 0.038000 0.490100
vt 0.036300 0.482100
vt 0.020600 0.485300
vt 0.019400 0.465400
vt 0.024200 0.448200
vt 0.028100 0.439500
vt 0.038600 0.498300
vt 0.021700 0.497800
vt 0.007700 0.483700
vt 0.007000 0.465800
vt 0.006400 0.505000
vt 0.006000 0.449900
vt 0.013700 0.436500
vt 0.004800 0.514500
vt 0.025000 0.533800
vt 0.003500 0.426400
vt 0.012800 0.421300
vt 0.004100 0.411800
vt 0.052400 0.509100
vt 0.047400 0.538800
vt 0.014500 0.540500
vt 0.006900 0.541900
vt 0.062300 0.522500
vt 0.034100 0.549000
vt 0.051200 0.542100
vt 0.019000 0.556100
vt 0.079500 0.513900
vt 0.064200 0.537400
vt 0.069300 0.528300
vt 0.037900 0.565100
vt 0.053200 0.563600
vt 0.062400 0.554500
vt 0.065300 0.548200
vt 0.073600 0.535700
vt 0.059900 0.571700
vt 0.076400 0.554500
vt 0.084100 0.538900
vt 0.083600 0.524900
vt 0.068100 0.569700
vt 0.071600 0.560500
vt 0.080200 0.571400
vt 0.086100 0.568100
vt 0.078200 0.590900
vt 0.095800 0.571500
vt 0.095900 0.583800
vt 0.094500 0.527000
vt 0.108300 0.581500
vt 0.116400 0.569000
vt 0.108100 0.564700
vt 0.105500 0.544800
vt 0.108900 0.529000
vt 0.108100 0.521500
vt 0.125800 0.529900
vt 0.119800 0.536100
vt 0.116400 0.550700
vt 0.130200 0.550900
vt 0.132100 0.578200
vt 0.139600 0.565500
vt 0.143900 0.548300
vt 0.135200 0.540900
vt 0.143000 0.529000
vt 0.132700 0.518000
vt 0.160200 0.536000
vt 0.173200 0.517500
vt 0.157900 0.508300
vt 0.149600 0.560100
vt 0.163900 0.557400
vt 0.161800 0.575100
vt 0.145300 0.580000
vt 0.180700 0.543400
vt 0.175600 0.511500
vt 0.157600 0.500600
vt 0.175000 0.498700
vt 0.179800 0.558000
vt 0.180600 0.566600
vt 0.156700 0.490400
vt 0.169000 0.588900
vt 0.153000 0.600900
vt 0.152300 0.590600
vt 0.139800 0.598600
vt 0.177900 0.608000
vt 0.160600 0.614400
vt 0.144400 0.626000
vt 0.132100 0.587600
vt 0.130400 0.595600
vt 0.128700 0.611000
vt 0.114400 0.595900
vt 0.032800 0.255900
vt 0.038500 0.274300
vt 0.043000 0.291300
vt 0.059300 0.298400
vt 0.047000 0.233500
vt 0.070900 0.301200
vt 0.035800 0.285800
vt 0.028100 0.280700
vt 0.045500 0.304500
vt 0.032700 0.307000
vt 0.044600 0.318800
vt 0.059000 0.318400
vt 0.076100 0.312000
vt 0.030100 0.320900
vt 0.024000 0.302000
vt 0.017300 0.290300
vt 0.015600 0.275100
vt 0.010800 0.308200
vt 0.009700 0.292400
vt 0.052100 0.336700
vt 0.067800 0.331100
vt 0.075800 0.324400
vt 0.001600 0.311400
vt 0.038300 0.338400
vt 0.022500 0.330400
vt 0.009600 0.326500
vt 0.014600 0.354200
vt 0.000900 0.347500
vt 0.081800 0.348200
vt 0.092000 0.350600
vt 0.087700 0.364700
vt 0.078700 0.364300
vt 0.059900 0.353200
vt 0.045500 0.352400
vt 0.022900 0.370700
vt 0.009200 0.364400
vt 0.001600 0.361000
vt 0.055900 0.366000
vt 0.039600 0.367500
vt 0.003600 0.385000
vt 0.011400 0.376800
vt 0.021200 0.383000
vt 0.020300 0.400800
vt 0.091200 0.378500
vt 0.067600 0.375100
vt 0.054200 0.384200
vt 0.046200 0.375800
vt 0.038300 0.384600
vt 0.028400 0.393400
vt 0.080400 0.383400
vt 0.043300 0.407500
vt 0.068100 0.390500
vt 0.035600 0.414000
vt 0.092100 0.393000
vt 0.019000 0.412300
vt 0.025200 0.424800
vt 0.038500 0.425900
vt 0.050700 0.418500
vt 0.062000 0.411300
vt 0.073000 0.401900
vt 0.043700 0.432100
vt 0.072200 0.417200
vt 0.057400 0.425000
vt 0.071200 0.426100
vt 0.081600 0.409900
vt 0.104600 0.402700
vt 0.113900 0.398100
vt 0.121900 0.390900
vt 0.110000 0.389700
vt 0.116100 0.381000
vt 0.133100 0.399500
vt 0.134300 0.387200
vt 0.132200 0.377400
vt 0.130600 0.366300
vt 0.104900 0.366900
vt 0.115300 0.355900
vt 0.136700 0.348800
vt 0.099000 0.345100
vt 0.109200 0.342900
vt 0.115700 0.329800
vt 0.134000 0.333900
vt 0.099600 0.322700
vt 0.084100 0.318800
vt 0.084800 0.308400
vt 0.192000 0.239000
vt 0.202800 0.254300
vt 0.205500 0.233600
vt 0.183900 0.225000
vt 0.166100 0.213300
vt 0.180700 0.212500
vt 0.196600 0.203500
vt 0.168800 0.192900
vt 0.148800 0.205200
vt 0.195200 0.190600
vt 0.181400 0.176000
vt 0.135900 0.206600
vt 0.155400 0.178400
vt 0.169900 0.175700
vt 0.176700 0.161700
vt 0.165700 0.151400
vt 0.152100 0.157400
vt 0.140200 0.165700
vt 0.034800 0.229400
vt 0.043400 0.212900
vt 0.067000 0.220100
vt 0.052800 0.207800
o TerrainValley
usemtl terrain
f 1/1/1 2/2/2 3/3/3
f 1/1/1 4/4/4 2/2/2
f 2/2/2 4/4/4 5/5/5
f 2/2/2 5/5/5 6/6/6
f 2/2/2 6/6/6 7/7/7
f 8/8/8 5/5/5 4/4/4
f 1/1/1 8/8/8 4/4/4
f 1/1/1 9/9/9 8/8/8
f 10/10/10 9/9/9 1/1/1
f 5/5/5 8/8/8 11/11/11
f 9/9/9 11/11/11 8/8/8
f 5/5/5 12/12/12 6/6/6
f 5/5/5 11/11/11 13/13/13
f 5/5/5 13/13/13 12/12/12
f 14/14/14 13/13/13 11/11/11
f 14/14/14 11/11/11 9/9/9
f 6/6/6 15/15/15 7/7/7
f 12/12/12 16/16/16 6/6/6
f 16/16/16 15/15/15 6/6/6
f 7/7/7 15/15/15 17/17/17
f 7/7/7 17/17/17 18/18/18
f 12/12/12 19/19/19 16/16/16
f 12/12/12 13/13/13 20/20/20
f 12/12/12 20/20/20 19/19/19
f 15/15/15 16/16/16 21/21/21
f 16/16/16 19/19/19 21/21/21
f 15/15/15 22/22/22 17/17/17
f 21/21/21 22/22/22 15/15/15
f 21/21/21 23/23/23 22/22/22
f 21/21/21 19/19/19 23/23/23
f 17/17/17 24/24/24 18/18/18
f 22/22/22 25/25/25 17/17/17
f 17/17/17 25/25/25 24/24/24
f 22/22/22 26/26/26 25/25/25
f 23/23/23 26/26/26 22/22/22
f 23/23/23 27/27/27 26/26/26
f 19/19/19 27/27/27 23/23/23
f 28/28/28 27/27/27 19/19/19
f 20/20/20 28/28/28 19/19/19
f 25/25/25 29/29/29 24/24/24
f 26/26/26 29/29/29 25/25/25
f 24/24/24 30/30/30 18/18/18
f 24/24/24 29/29/29 30/30/30
f 18/18/18 30/30/30 31/31/31
f 32/32/32 30/30/30 29/29/29
f 26/26/26 32/32/32 29/29/29
f 26/26/26 33/33/33 32/32/32
f 27/27/27 33/33/33 26/26/26
f 33/33/33 27/27/27 34/34/34
f 28/28/28 34/34/34 27/27/27
f 30/30/30 35/35/35 31/31/31
f 30/30/30 36/36/36 35/35/35
f 30/30/30 32/32/32 36/36/36
f 32/32/32 37/37/37 36/36/36
f 33/33/33 38/38/38 32/32/32
f 32/32/32 38/38/38 37/37/37
f 33/33/33 39/39/39 38/38/38
f 33/33/33 34/34/34 39/39/39
f 35/35/35 36/36/36 40/40/40
f 37/37/37 40/40/40 36/36/36
f 41/41/41 37/37/37 38/38/38
f 38/38/38 39/39/39 41/41/41
f 37/37/37 42/42/42 40/40/40
f 37/37/37 41/41/41 42/42/42
f 43/43/43 41/41/41 39/39/39
f 43/43/43 39/39/39 34/34/34
f 40/40/40 44/44/44 35/35/35
f 40/40/40 45/45/45 44/44/44
f 42/42/42 45/45/45 40/40/40
f 41/41/41 46/46/46 42/42/42
f 41/41/41 43/43/43 46/46/46
f 47/47/47 45/45/45 42/42/42
f 46/46/46 47/47/47 42/42/42
f 46/46/46 48/48/48 47/47/47
f 43/43/43 49/49/49 46/46/46
f 49/49/49 48/48/48 46/46/46
f 50/50/50 45/45/45 47/47/47
f 47/47/47 48/48/48 50/50/50
f 51/51/51 50/50/50 48/48/48
f 49/49/49 51/51/51 48/48/48
f 52/52/52 49/49/49 43/43/43
f 52/52/52 43/43/43 34/34/34
f 44/44/44 45/45/45 53/53/53
f 53/53/53 54/54/54 44/44/44
f 45/45/45 55/55/55 53/53/53
f 45/45/45 56/56/56 55/55/55
f 50/50/50 56/56/56 45/45/45
f 50/50/50 57/57/57 56/56/56
f 51/51/51 57/57/57 50/50/50
f 49/49/49 58/58/58 51/51/51
f 52/52/52 59/59/59 49/49/49
f 49/49/49 59/59/59 58/58/58
f 51/51/51 58/58/58 60/60/60
f 58/58/58 59/59/59 60/60/60
f 51/51/51 61/61/61 57/57/57
f 51/51/51 60/60/60 61/61/61
f 61/61/61 62/62/62 57/57/57
f 61/61/61 60/60/60 62/62/62
f 56/56/56 57/57/57 63/63/63
f 57/57/57 62/62/62 63/63/63
f 55/55/55 56/56/56 64/64/64
f 56/56/56 63/63/63 64/64/64
f 53/53/53 65/65/65 54/54/54
f 55/55/55 66/66/66 53/53/53
f 53/53/53 66/66/66 65/65/65
f 54/54/54 65/65/65 67/67/67
f 66/66/66 68/68/68 65/65/65
f 66/66/66 55/55/55 68/68/68
f 65/65/65 69/69/69 67/67/67
f 65/65/65 70/70/70 69/69/69
f 68/68/68 70/70/70 65/65/65
f 64/64/64 63/63/63 71/71/71
f 62/62/62 72/72/72 63/63/63
f 63/63/63 72/72/72 71/71/71
f 62/62/62 73/73/73 72/72/72
f 60/60/60 74/74/74 62/62/62
f 74/74/74 73/73/73 62/62/62
f 64/64/64 71/71/71 75/75/75
f 55/55/55 64/64/64 75/75/75
f 68/68/68 75/75/75 70/70/70
f 55/55/55 75/75/75 68/68/68
f 70/70/70 76/76/76 69/69/69
f 75/75/75 76/76/76 70/70/70
f 69/69/69 76/76/76 77/77/77
f 75/75/75 78/78/78 76/76/76
f 71/71/71 78/78/78 75/75/75
f 71/71/71 79/79/79 78/78/78
f 71/71/71 72/72/72 79/79/79
f 76/76/76 80/80/80 77/77/77
f 78/78/78 80/80/80 76/76/76
f 78/78/78 81/81/81 80/80/80
f 78/78/78 79/79/79 81/81/81
f 80/80/80 81/81/81 77/77/77
f 79/79/79 82/82/82 81/81/81
f 72/72/72 83/83/83 79/79/79
f 79/79/79 83/83/83 82/82/82
f 81/81/81 84/84/84 77/77/77
f 82/82/82 85/85/85 81/81/81
f 81/81/81 85/85/85 84/84/84
f 84/84/84 86/86/86 77/77/77
f 86/86/86 84/84/84 87/87/87
f 85/85/85 87/87/87 84/84/84
f 82/82/82 88/88/88 85/85/85
f 83/83/83 89/89/89 82/82/82
f 82/82/82 89/89/89 88/88/88
f 90/90/90 87/87/87 85/85/85
f 85/85/85 88/88/88 90/90/90
f 87/87/87 91/91/91 86/86/86
f 87/87/87 90/90/90 91/91/91
f 91/91/91 92/92/92 86/86/86
f 93/93/93 92/92/92 91/91/91
f 90/90/90 93/93/93 91/91/91
f 93/93/93 94/94/94 92/92/92
f 90/90/90 94/94/94 93/93/93
f 88/88/88 95/95/95 90/90/90
f 89/89/89 96/96/96 88/88/88
f 96/96/96 95/95/95 88/88/88
f 90/90/90 97/97/97 94/94/94
f 95/95/95 97/97/97 90/90/90
f 96/96/96 97/97/97 95/95/95
f 97/97/97 98/98/98 94/94/94
f 99/99/99 97/97/97 96/96/96
f 96/96/96 100/100/100 99/99/99
f 100/100/100 96/96/96 89/89/89
f 101/101/101 98/98/98 97/97/97
f 97/97/97 99/99/99 101/101/101
f 99/99/99 102/102/102 101/101/101
f 100/100/100 102/102/102 99/99/99
f 103/103/103 98/98/98 101/101/101
f 102/102/102 103/103/103 101/101/101
f 100/100/100 104/104/104 102/102/102
f 102/102/102 104/104/104 103/103/103
f 104/104/104 105/105/105 103/103/103
f 105/105/105 106/106/106 103/103/103
f 107/107/107 105/105/105 104/104/104
f 105/105/105 107/107/107 106/106/106
f 107/107/107 108/108/108 106/106/106
f 104/104/104 100/100/100 109/109/109
f 109/109/109 110/110/110 104/104/104
f 110/110/110 107/107/107 104/104/104
f 111/111/111 109/109/109 100/100/100
f 89/89/89 111/111/111 100/100/100
f 83/83/83 111/111/111 89/89/89
f 83/83/83 112/112/112 111/111/111
f 112/112/112 109/109/109 111/111/111
f 113/113/113 107/107/107 110/110/110
f 114/114/114 108/108/108 107/107/107
f 113/113/113 114/114/114 107/107/107
f 109/109/109 115/115/115 110/110/110
f 115/115/115 113/113/113 110/110/110
f 112/112/112 116/116/116 109/109/109
f 116/116/116 115/115/115 109/109/109
f 114/114/114 117/117/117 108/108/108
f 113/113/113 117/117/117 114/114/114
f 117/117/117 118/118/118 108/108/108
f 119/119/119 115/115/115 116/116/116
f 119/119/119 113/113/113 115/115/115
f 120/120/120 116/116/116 112/112/112
f 120/120/120 119/119/119 116/116/116
f 113/113/113 121/121/121 117/117/117
f 121/121/121 118/118/118 117/117/117
f 112/112/112 122/122/122 120/120/120
f 120/120/120 122/122/122 119/119/119
f 123/123/123 112/112/112 83/83/83
f 123/123/123 122/122/122 112/112/112
f 72/72/72 123/123/123 83/83/83
f 72/72/72 122/122/122 123/123/123
f 119/119/119 124/124/124 113/113/113
f 125/125/125 121/121/121 113/113/113
f 125/125/125 113/113/113 124/124/124
f 121/121/121 126/126/126 118/118/118
f 125/125/125 126/126/126 121/121/121
f 126/126/126 127/127/127 118/118/118
f 73/73/73 122/122/122 72/72/72
f 128/128/128 119/119/119 122/122/122
f 129/129/129 124/124/124 119/119/119
f 128/128/128 129/129/129 119/119/119
f 130/130/130 122/122/122 73/73/73
f 130/130/130 128/128/128 122/122/122
f 131/131/131 129/129/129 128/128/128
f 130/130/130 131/131/131 128/128/128
f 131/131/131 132/132/132 129/129/129
f 132/132/132 124/124/124 129/129/129
f 124/124/124 133/133/133 125/125/125
f 124/124/124 134/134/134 133/133/133
f 134/134/134 124/124/124 132/132/132
f 133/133/133 135/135/135 125/125/125
f 135/135/135 126/126/126 125/125/125
f 135/135/135 136/136/136 126/126/126
f 136/136/136 127/127/127 126/126/126
f 133/133/133 137/137/137 135/135/135
f 135/135/135 137/137/137 136/136/136
f 134/134/134 138/138/138 133/133/133
f 133/133/133 138/138/138 137/137/137
f 132/132/132 139/139/139 134/134/134
f 139/139/139 138/138/138 134/134/134
f 140/140/140 132/132/132 131/131/131
f 140/140/140 139/139/139 132/132/132
f 141/141/141 131/131/131 130/130/130
f 140/140/140 131/131/131 141/141/141
f 137/137/137 142/142/142 136/136/136
f 138/138/138 142/142/142 137/137/137
f 142/142/142 127/127/127 136/136/136
f 142/142/142 143/143/143 127/127/127
f 138/138/138 143/143/143 142/142/142
f 139/139/139 144/144/144 138/138/138
f 144/144/144 143/143/143 138/138/138
f 145/145/145 139/139/139 140/140/140
f 139/139/139 146/146/146 144/144/144
f 146/146/146 139/139/139 145/145/145
f 141/141/141 147/147/147 140/140/140
f 147/147/147 145/145/145 140/140/140
f 144/144/144 148/148/148 143/143/143
f 143/143/143 149/149/149 127/127/127
f 148/148/148 149/149/149 143/143/143
f 149/149/149 150/150/150 127/127/127
f 151/151/151 152/152/152 153/153/153
f 152/152/152 154/154/154 153/153/153
f 151/151/151 153/153/153 155/155/155
f 156/156/156 151/151/151 155/155/155
f 157/157/157 156/156/156 155/155/155
f 156/156/156 157/157/157 158/158/158
f 153/153/153 154/154/154 159/159/159
f 154/154/154 160/160/160 159/159/159
f 155/155/155 153/153/153 161/161/161
f 153/153/153 159/159/159 162/162/162
f 161/161/161 153/153/153 162/162/162
f 162/162/162 159/159/159 163/163/163
f 159/159/159 160/160/160 163/163/163
f 162/162/162 163/163/163 161/161/161
f 164/164/164 157/157/157 155/155/155
f 155/155/155 161/161/161 165/165/165
f 155/155/155 165/165/165 164/164/164
f 158/158/158 157/157/157 166/166/166
f 164/164/164 166/166/166 157/157/157
f 161/161/161 167/167/167 165/165/165
f 161/161/161 163/163/163 167/167/167
f 164/164/164 165/165/165 168/168/168
f 167/167/167 169/169/169 165/165/165
f 165/165/165 169/169/169 168/168/168
f 167/167/167 170/170/170 169/169/169
f 167/167/167 163/163/163 170/170/170
f 169/169/169 170/170/170 171/171/171
f 168/168/168 169/169/169 171/171/171
f 164/164/164 168/168/168 172/172/172
f 168/168/168 171/171/171 172/172/172
f 172/172/172 171/171/171 173/173/173
f 171/171/171 170/170/170 173/173/173
f 174/174/174 164/164/164 172/172/172
f 175/175/175 166/166/166 164/164/164
f 164/164/164 174/174/174 175/175/175
f 173/173/173 170/170/170 176/176/176
f 170/170/170 163/163/163 177/177/177
f 170/170/170 177/177/177 176/176/176
f 174/174/174 172/172/172 178/178/178
f 172/172/172 173/173/173 179/179/179
f 172/172/172 179/179/179 178/178/178
f 175/175/175 174/174/174 180/180/180
f 174/174/174 178/178/178 180/180/180
f 178/178/178 179/179/179 180/180/180
f 173/173/173 176/176/176 181/181/181
f 177/177/177 182/182/182 176/176/176
f 176/176/176 182/182/182 181/181/181
f 179/179/179 173/173/173 183/183/183
f 173/173/173 184/184/184 183/183/183
f 185/185/185 173/173/173 181/181/181
f 184/184/184 173/173/173 185/185/185
f 180/180/180 179/179/179 186/186/186
f 186/186/186 179/179/179 187/187/187
f 179/179/179 183/183/183 187/187/187
f 183/183/183 188/188/188 187/187/187
f 183/183/183 184/184/184 188/188/188
f 184/184/184 189/189/189 188/188/188
f 184/184/184 185/185/185 189/189/189
f 185/185/185 190/190/190 189/189/189
f 185/185/185 181/181/181 190/190/190
f 186/186/186 187/187/187 191/191/191
f 187/187/187 188/188/188 191/191/191
f 188/188/188 192/192/192 191/191/191
f 188/188/188 189/189/189 192/192/192
f 192/192/192 189/189/189 193/193/193
f 190/190/190 193/193/193 189/189/189
f 194/194/194 180/180/180 186/186/186
f 194/194/194 186/186/186 195/195/195
f 186/186/186 191/191/191 195/195/195
f 191/191/191 196/196/196 195/195/195
f 196/196/196 191/191/191 192/192/192
f 196/196/196 192/192/192 197/197/197
f 192/192/192 193/193/193 197/197/197
f 193/193/193 198/198/198 197/197/197
f 193/193/193 190/190/190 198/198/198
f 198/198/198 199/199/199 197/197/197
f 198/198/198 200/200/200 199/199/199
f 190/190/190 201/201/201 198/198/198
f 198/198/198 201/201/201 200/200/200
f 190/190/190 202/202/202 201/201/201
f 181/181/181 202/202/202 190/190/190
f 202/202/202 203/203/203 201/201/201
f 202/202/202 204/204/204 203/203/203
f 204/204/204 202/202/202 181/181/181
f 182/182/182 204/204/204 181/181/181
f 204/204/204 182/182/182 203/203/203
f 201/201/201 205/205/205 200/200/200
f 203/203/203 206/206/206 201/201/201
f 201/201/201 206/206/206 205/205/205
f 203/203/203 207/207/207 206/206/206
f 182/182/182 207/207/207 203/203/203
f 200/200/200 208/208/208 199/199/199
f 200/200/200 205/205/205 209/209/209
f 208/208/208 200/200/200 209/209/209
f 208/208/208 210/210/210 199/199/199
f 209/209/209 210/210/210 208/208/208
f 209/209/209 205/205/205 210/210/210
f 207/207/207 211/211/211 206/206/206
f 207/207/207 212/212/212 211/211/211
f 213/213/213 212/212/212 207/207/207
f 213/213/213 207/207/207 182/182/182
f 212/212/212 214/214/214 211/211/211
f 182/182/182 215/215/215 213/213/213
f 215/215/215 182/182/182 177/177/177
f 212/212/212 213/213/213 216/216/216
f 217/217/217 214/214/214 212/212/212
f 217/217/217 212/212/212 216/216/216
f 218/218/218 216/216/216 213/213/213
f 217/217/217 216/216/216 218/218/218
f 219/219/219 213/213/213 215/215/215
f 219/219/219 218/218/218 213/213/213
f 217/217/217 220/220/220 214/214/214
f 220/220/220 217/217/217 218/218/218
f 220/220/220 221/221/221 214/214/214
f 215/215/215 177/177/177 222/222/222
f 223/223/223 219/219/219 215/215/215
f 223/223/223 215/215/215 222/222/222
f 223/223/223 224/224/224 219/219/219
f 224/224/224 218/218/218 219/219/219
f 224/224/224 225/225/225 218/218/218
f 218/218/218 225/225/225 220/220/220
f 163/163/163 222/222/222 177/177/177
f 160/160/160 223/223/223 222/222/222
f 160/160/160 222/222/222 163/163/163
f 160/160/160 226/226/226 223/223/223
f 226/226/226 224/224/224 223/223/223
f 226/226/226 227/227/227 224/224/224
f 227/227/227 225/225/225 224/224/224
f 228/228/228 220/220/220 225/225/225
f 227/227/227 228/228/228 225/225/225
f 229/229/229 221/221/221 220/220/220
f 230/230/230 229/229/229 220/220/220
f 228/228/228 230/230/230 220/220/220
f 229/229/229 231/231/231 221/221/221
f 229/229/229 230/230/230 231/231/231
f 227/227/227 232/232/232 228/228/228
f 232/232/232 230/230/230 228/228/228
f 180/180/180 194/194/194 233/233/233
f 234/234/234 180/180/180 233/233/233
f 235/235/235 234/234/234 233/233/233
f 234/234/234 175/175/175 180/180/180
f 236/236/236 234/234/234 235/235/235
f 237/237/237 175/175/175 234/234/234
f 237/237/237 234/234/234 236/236/236
f 238/238/238 236/236/236 235/235/235
f 237/237/237 166/166/166 175/175/175
f 238/238/238 239/239/239 236/236/236
f 239/239/239 240/240/240 236/236/236
f 240/240/240 237/237/237 236/236/236
f 241/241/241 240/240/240 239/239/239
f 242/242/242 237/237/237 240/240/240
f 241/241/241 242/242/242 240/240/240
f 242/242/242 243/243/243 237/237/237
f 243/243/243 166/166/166 237/237/237
f 242/242/242 244/244/244 243/243/243
f 166/166/166 243/243/243 244/244/244
f 241/241/241 245/245/245 242/242/242
f 245/245/245 244/244/244 242/242/242
f 244/244/244 158/158/158 166/166/166
f 246/246/246 244/244/244 245/245/245
f 158/158/158 244/244/244 246/246/246
f 241/241/241 247/247/247 245/245/245
f 247/247/247 246/246/246 245/245/245
f 248/248/248 247/247/247 241/241/241
f 249/249/249 158/158/158 246/246/246
f 250/250/250 246/246/246 247/247/247
f 250/250/250 249/249/249 246/246/246
f 248/248/248 251/251/251 247/247/247
f 247/247/247 251/251/251 250/250/250
f 251/251/251 252/252/252 250/250/250
f 252/252/252 249/249/249 250/250/250
f 253/253/253 251/251/251 248/248/248
f 253/253/253 252/252/252 251/251/251
f 253/253/253 254/254/254 252/252/252
f 254/254/254 249/249/249 252/252/252
f 255/255/255 256/256/256 257/257/257
f 256/256/256 258/258/258 257/257/257
f 256/256/256 259/259/259 258/258/258
f 260/260/260 259/259/259 256/256/256
f 258/258/258 259/259/259 261/261/261
f 259/259/259 260/260/260 262/262/262
f 259/259/259 262/262/262 261/261/261
f 257/257/257 258/258/258 263/263/263
f 257/257/257 263/263/263 264/264/264
f 263/263/263 258/258/258 265/265/265
f 258/258/258 266/266/266 265/265/265
f 258/258/258 261/261/261 266/266/266
f 264/264/264 263/263/263 267/267/267
f 263/263/263 265/265/265 267/267/267
f 265/265/265 268/268/268 267/267/267
f 265/265/265 266/266/266 268/268/268
f 264/264/264 267/267/267 269/269/269
f 260/260/260 270/270/270 262/262/262
f 271/271/271 270/270/270 260/260/260
f 261/261/261 262/262/262 272/272/272
f 270/270/270 273/273/273 262/262/262
f 272/272/272 262/262/262 273/273/273
f 270/270/270 274/274/274 273/273/273
f 271/271/271 275/275/275 270/270/270
f 270/270/270 275/275/275 274/274/274
f 274/274/274 276/276/276 273/273/273
f 274/274/274 275/275/275 276/276/276
f 273/273/273 277/277/277 272/272/272
f 273/273/273 276/276/276 277/277/277
f 271/271/271 278/278/278 275/275/275
f 275/275/275 278/278/278 279/279/279
f 275/275/275 280/280/280 276/276/276
f 279/279/279 280/280/280 275/275/275
f 276/276/276 281/281/281 277/277/277
f 280/280/280 281/281/281 276/276/276
f 272/272/272 277/277/277 282/282/282
f 261/261/261 272/272/272 282/282/282
f 280/280/280 283/283/283 281/281/281
f 280/280/280 279/279/279 284/284/284
f 280/280/280 284/284/284 283/283/283
f 279/279/279 285/285/285 284/284/284
f 285/285/285 283/283/283 284/284/284
f 277/277/277 281/281/281 286/286/286
f 281/281/281 283/283/283 287/287/287
f 281/281/281 287/287/287 286/286/286
f 287/287/287 283/283/283 288/288/288
f 285/285/285 288/288/288 283/283/283
f 286/286/286 287/287/287 289/289/289
f 287/287/287 288/288/288 289/289/289
f 290/290/290 277/277/277 286/286/286
f 286/286/286 291/291/291 290/290/290
f 286/286/286 289/289/289 291/291/291
f 291/291/291 289/289/289 292/292/292
f 289/289/289 288/288/288 293/293/293
f 289/289/289 293/293/293 292/292/292
f 285/285/285 294/294/294 288/288/288
f 285/285/285 295/295/295 294/294/294
f 294/294/294 296/296/296 288/288/288
f 294/294/294 295/295/295 296/296/296
f 295/295/295 297/297/297 296/296/296
f 288/288/288 298/298/298 293/293/293
f 288/288/288 296/296/296 299/299/299
f 288/288/288 299/299/299 298/298/298
f 293/293/293 300/300/300 292/292/292
f 293/293/293 298/298/298 300/300/300
f 298/298/298 299/299/299 301/301/301
f 299/299/299 296/296/296 301/301/301
f 301/301/301 302/302/302 298/298/298
f 301/301/301 296/296/296 302/302/302
f 290/290/290 291/291/291 303/303/303
f 291/291/291 304/304/304 303/303/303
f 291/291/291 292/292/292 304/304/304
f 302/302/302 296/296/296 305/305/305
f 296/296/296 297/297/297 306/306/306
f 296/296/296 306/306/306 305/305/305
f 302/302/302 307/307/307 298/298/298
f 302/302/302 305/305/305 307/307/307
f 298/298/298 308/308/308 300/300/300
f 298/298/298 307/307/307 308/308/308
f 306/306/306 297/297/297 309/309/309
f 297/297/297 310/310/310 309/309/309
f 148/148/148 311/311/311 149/149/149
f 311/311/311 150/150/150 149/149/149
f 146/146/146 312/312/312 144/144/144
f 313/313/313 148/148/148 144/144/144
f 313/313/313 144/144/144 312/312/312
f 313/313/313 314/314/314 148/148/148
f 314/314/314 311/311/311 148/148/148
f 315/315/315 314/314/314 313/313/313
f 312/312/312 315/315/315 313/313/313
f 316/316/316 314/314/314 315/315/315
f 314/314/314 316/316/316 311/311/311
f 316/316/316 317/317/317 311/311/311
f 317/317/317 150/150/150 311/311/311
f 315/315/315 318/318/318 316/316/316
f 316/316/316 318/318/318 317/317/317
f 319/319/319 315/315/315 312/312/312
f 319/319/319 318/318/318 315/315/315
f 320/320/320 312/312/312 146/146/146
f 321/321/321 319/319/319 312/312/312
f 321/321/321 312/312/312 320/320/320
f 317/317/317 322/322/322 150/150/150
f 322/322/322 323/323/323 150/150/150
f 324/324/324 322/322/322 317/317/317
f 318/318/318 324/324/324 317/317/317
f 324/324/324 325/325/325 322/322/322
f 322/322/322 325/325/325 323/323/323
f 324/324/324 326/326/326 325/325/325
f 326/326/326 323/323/323 325/325/325
f 326/326/326 327/327/327 323/323/323
f 328/328/328 318/318/318 319/319/319
f 318/318/318 329/329/329 324/324/324
f 328/328/328 329/329/329 318/318/318
f 330/330/330 319/319/319 321/321/321
f 330/330/330 328/328/328 319/319/319
f 331/331/331 321/321/321 320/320/320
f 331/331/331 330/330/330 321/321/321
f 329/329/329 332/332/332 324/324/324
f 332/332/332 326/326/326 324/324/324
f 326/326/326 333/333/333 327/327/327
f 332/332/332 333/333/333 326/326/326
f 328/328/328 334/334/334 329/329/329
f 335/335/335 332/332/332 329/329/329
f 334/334/334 335/335/335 329/329/329
f 335/335/335 336/336/336 332/332/332
f 334/334/334 336/336/336 335/335/335
f 336/336/336 337/337/337 332/332/332
f 337/337/337 333/333/333 332/332/332
f 338/338/338 334/334/334 328/328/328
f 339/339/339 336/336/336 334/334/334
f 339/339/339 334/334/334 338/338/338
f 338/338/338 340/340/340 339/339/339
f 340/340/340 336/336/336 339/339/339
f 340/340/340 341/341/341 336/336/336
f 341/341/341 337/337/337 336/336/336
f 337/337/337 342/342/342 333/333/333
f 343/343/343 333/333/333 342/342/342
f 341/341/341 344/344/344 337/337/337
f 345/345/345 344/344/344 341/341/341
f 345/345/345 341/341/341 340/340/340
f 346/346/346 342/342/342 337/337/337
f 342/342/342 347/347/347 343/343/343
f 347/347/347 342/342/342 346/346/346
f 346/346/346 337/337/337 348/348/348
f 346/346/346 349/349/349 347/347/347
f 349/349/349 346/346/346 348/348/348
f 350/350/350 343/343/343 347/347/347
f 347/347/347 349/349/349 350/350/350
f 350/350/350 351/351/351 343/343/343
f 349/349/349 352/352/352 350/350/350
f 353/353/353 352/352/352 349/349/349
f 348/348/348 353/353/353 349/349/349
f 199/199/199 351/351/351 350/350/350
f 352/352/352 199/199/199 350/350/350
f 197/197/197 199/199/199 352/352/352
f 197/197/197 352/352/352 353/353/353
f 199/199/199 210/210/210 351/351/351
f 354/354/354 353/353/353 348/348/348
f 197/197/197 353/353/353 196/196/196
f 354/354/354 196/196/196 353/353/353
f 354/354/354 348/348/348 355/355/355
f 355/355/355 348/348/348 356/356/356
f 348/348/348 337/337/337 356/356/356
f 357/357/357 356/356/356 337/337/337
f 357/357/357 355/355/355 356/356/356
f 344/344/344 357/357/357 337/337/337
f 344/344/344 358/358/358 357/357/357
f 358/358/358 355/355/355 357/357/357
f 358/358/358 359/359/359 355/355/355
f 359/359/359 354/354/354 355/355/355
f 360/360/360 358/358/358 344/344/344
f 360/360/360 359/359/359 358/358/358
f 361/361/361 359/359/359 360/360/360
f 361/361/361 354/354/354 359/359/359
f 362/362/362 354/354/354 361/361/361
f 362/362/362 196/196/196 354/354/354
f 360/360/360 344/344/344 345/345/345
f 195/195/195 362/362/362 361/361/361
f 196/196/196 362/362/362 195/195/195
f 361/361/361 360/360/360 363/363/363
f 194/194/194 195/195/195 361/361/361
f 194/194/194 361/361/361 363/363/363
f 364/364/364 360/360/360 345/345/345
f 363/363/363 360/360/360 365/365/365
f 365/365/365 360/360/360 364/364/364
f 364/364/364 345/345/345 366/366/366
f 365/365/365 364/364/364 366/366/366
f 367/367/367 365/365/365 366/366/366
f 367/367/367 363/363/363 365/365/365
f 368/368/368 363/363/363 367/367/367
f 368/368/368 194/194/194 363/363/363
f 366/366/366 345/345/345 369/369/369
f 369/369/369 345/345/345 340/340/340
f 370/370/370 367/367/367 366/366/366
f 371/371/371 368/368/368 367/367/367
f 370/370/370 371/371/371 367/367/367
f 372/372/372 366/366/366 369/369/369
f 373/373/373 370/370/370 366/366/366
f 373/373/373 366/366/366 372/372/372
f 369/369/369 340/340/340 374/374/374
f 372/372/372 369/369/369 374/374/374
f 371/371/371 375/375/375 368/368/368
f 368/368/368 233/233/233 194/194/194
f 375/375/375 233/233/233 368/368/368
f 370/370/370 373/373/373 376/376/376
f 377/377/377 371/371/371 370/370/370
f 377/377/377 370/370/370 376/376/376
f 378/378/378 371/371/371 377/377/377
f 378/378/378 375/375/375 371/371/371
f 378/378/378 235/235/235 375/375/375
f 235/235/235 233/233/233 375/375/375
f 379/379/379 372/372/372 374/374/374
f 380/380/380 373/373/373 372/372/372
f 380/380/380 372/372/372 379/379/379
f 373/373/373 380/380/380 381/381/381
f 376/376/376 373/373/373 381/381/381
f 376/376/376 381/381/381 382/382/382
f 383/383/383 377/377/377 376/376/376
f 383/383/383 376/376/376 382/382/382
f 384/384/384 383/383/383 382/382/382
f 384/384/384 377/377/377 383/383/383
f 385/385/385 377/377/377 384/384/384
f 386/386/386 378/378/378 377/377/377
f 385/385/385 386/386/386 377/377/377
f 387/387/387 378/378/378 386/386/386
f 238/238/238 235/235/235 378/378/378
f 238/238/238 378/378/378 387/387/387
f 385/385/385 388/388/388 386/386/386
f 388/388/388 387/387/387 386/386/386
f 388/388/388 389/389/389 387/387/387
f 389/389/389 238/238/238 387/387/387
f 380/380/380 379/379/379 390/390/390
f 391/391/391 381/381/381 380/380/380
f 391/391/391 380/380/380 390/390/390
f 392/392/392 381/381/381 391/391/391
f 393/393/393 382/382/382 381/381/381
f 393/393/393 381/381/381 392/392/392
f 394/394/394 393/393/393 392/392/392
f 394/394/394 382/382/382 393/393/393
f 392/392/392 391/391/391 395/395/395
f 394/394/394 392/392/392 395/395/395
f 391/391/391 390/390/390 396/396/396
f 395/395/395 391/391/391 396/396/396
f 397/397/397 388/388/388 385/385/385
f 398/398/398 389/389/389 388/388/388
f 397/397/397 398/398/398 388/388/388
f 398/398/398 399/399/399 389/389/389
f 399/399/399 239/239/239 389/389/389
f 389/389/389 239/239/239 238/238/238
f 400/400/400 398/398/398 397/397/397
f 400/400/400 399/399/399 398/398/398
f 400/400/400 241/241/241 399/399/399
f 241/241/241 239/239/239 399/399/399
f 395/395/395 396/396/396 401/401/401
f 402/402/402 394/394/394 395/395/395
f 402/402/402 395/395/395 401/401/401
f 403/403/403 394/394/394 402/402/402
f 403/403/403 382/382/382 394/394/394
f 403/403/403 384/384/384 382/382/382
f 401/401/401 396/396/396 404/404/404
f 396/396/396 390/390/390 404/404/404
f 405/405/405 401/401/401 404/404/404
f 406/406/406 401/401/401 405/405/405
f 406/406/406 402/402/402 401/401/401
f 407/407/407 403/403/403 402/402/402
f 408/408/408 384/384/384 403/403/403
f 408/408/408 403/403/403 407/407/407
f 408/408/408 385/385/385 384/384/384
f 402/402/402 406/406/406 409/409/409
f 407/407/407 402/402/402 410/410/410
f 410/410/410 402/402/402 409/409/409
f 411/411/411 407/407/407 410/410/410
f 411/411/411 408/408/408 407/407/407
f 411/411/411 412/412/412 408/408/408
f 412/412/412 385/385/385 408/408/408
f 397/397/397 385/385/385 412/412/412
f 409/409/409 406/406/406 413/413/413
f 406/406/406 414/414/414 413/413/413
f 406/406/406 405/405/405 414/414/414
f 415/415/415 409/409/409 413/413/413
f 416/416/416 410/410/410 409/409/409
f 416/416/416 409/409/409 415/415/415
f 416/416/416 417/417/417 410/410/410
f 417/417/417 411/411/411 410/410/410
f 418/418/418 411/411/411 417/417/417
f 419/419/419 412/412/412 411/411/411
f 411/411/411 418/418/418 419/419/419
f 419/419/419 420/420/420 412/412/412
f 420/420/420 397/397/397 412/412/412
f 400/400/400 397/397/397 420/420/420
f 421/421/421 419/419/419 418/418/418
f 421/421/421 420/420/420 419/419/419
f 422/422/422 418/418/418 417/417/417
f 421/421/421 418/418/418 422/422/422
f 421/421/421 423/423/423 420/420/420
f 420/420/420 423/423/423 400/400/400
f 415/415/415 413/413/413 424/424/424
f 413/413/413 414/414/414 425/425/425
f 424/424/424 413/413/413 425/425/425
f 415/415/415 424/424/424 426/426/426
f 427/427/427 415/415/415 426/426/426
f 416/416/416 415/415/415 427/427/427
f 426/426/426 424/424/424 428/428/428
f 424/424/424 425/425/425 428/428/428
f 421/421/421 429/429/429 423/423/423
f 423/423/423 430/430/430 400/400/400
f 429/429/429 430/430/430 423/423/423
f 430/430/430 241/241/241 400/400/400
f 248/248/248 241/241/241 430/430/430
f 429/429/429 248/248/248 430/430/430
f 425/425/425 431/431/431 428/428/428
f 425/425/425 414/414/414 431/431/431
f 431/431/431 432/432/432 428/428/428
f 431/431/431 414/414/414 433/433/433
f 431/431/431 433/433/433 432/432/432
f 414/414/414 405/405/405 433/433/433
f 433/433/433 434/434/434 432/432/432
f 433/433/433 405/405/405 434/434/434
f 428/428/428 432/432/432 435/435/435
f 432/432/432 434/434/434 435/435/435
f 405/405/405 404/404/404 434/434/434
f 434/434/434 436/436/436 435/435/435
f 434/434/434 404/404/404 436/436/436
f 404/404/404 437/437/437 436/436/436
f 404/404/404 390/390/390 437/437/437
f 437/437/437 438/438/438 436/436/436
f 437/437/437 390/390/390 439/439/439
f 437/437/437 439/439/439 438/438/438
f 436/436/436 438/438/438 440/440/440
f 438/438/438 439/439/439 440/440/440
f 436/436/436 441/441/441 435/435/435
f 436/436/436 440/440/440 441/441/441
f 440/440/440 442/442/442 441/441/441
f 440/440/440 439/439/439 443/443/443
f 440/440/440 443/443/443 442/442/442
f 444/444/444 435/435/435 441/441/441
f 441/441/441 442/442/442 445/445/445
f 306/306/306 446/446/446 305/305/305
f 306/306/306 309/309/309 446/446/446
f 305/305/305 447/447/447 307/307/307
f 305/305/305 446/446/446 447/447/447
f 307/307/307 447/447/447 448/448/448
f 447/447/447 446/446/446 448/448/448
f 446/446/446 449/449/449 448/448/448
f 446/446/446 309/309/309 449/449/449
f 449/449/449 309/309/309 450/450/450
f 310/310/310 450/450/450 309/309/309
f 310/310/310 451/451/451 450/450/450
f 449/449/449 450/450/450 452/452/452
f 450/450/450 451/451/451 452/452/452
f 448/448/448 449/449/449 453/453/453
f 449/449/449 452/452/452 453/453/453
f 448/448/448 454/454/454 307/307/307
f 448/448/448 453/453/453 454/454/454
f 308/308/308 307/307/307 455/455/455
f 307/307/307 454/454/454 455/455/455
f 455/455/455 454/454/454 456/456/456
f 453/453/453 456/456/456 454/454/454
f 456/456/456 453/453/453 457/457/457
f 453/453/453 452/452/452 457/457/457
f 457/457/457 452/452/452 458/458/458
f 452/452/452 451/451/451 459/459/459
f 452/452/452 459/459/459 458/458/458
f 458/458/458 459/459/459 460/460/460
f 451/451/451 460/460/460 459/459/459
f 451/451/451 461/461/461 460/460/460
f 455/455/455 456/456/456 462/462/462
f 462/462/462 456/456/456 463/463/463
f 456/456/456 457/457/457 463/463/463
f 457/457/457 464/464/464 463/463/463
f 457/457/457 458/458/458 464/464/464
f 464/464/464 458/458/458 465/465/465
f 458/458/458 460/460/460 465/465/465
f 460/460/460 466/466/466 465/465/465
f 460/460/460 461/461/461 467/467/467
f 467/467/467 466/466/466 460/460/460
f 467/467/467 468/468/468 466/466/466
f 461/461/461 468/468/468 467/467/467
f 468/468/468 461/461/461 469/469/469
f 468/468/468 469/469/469 470/470/470
f 468/468/468 471/471/471 466/466/466
f 468/468/468 470/470/470 471/471/471
f 462/462/462 463/463/463 472/472/472
f 472/472/472 463/463/463 473/473/473
f 463/463/463 464/464/464 473/473/473
f 473/473/473 464/464/464 474/474/474
f 464/464/464 465/465/465 474/474/474
f 466/466/466 471/471/471 475/475/475
f 466/466/466 476/476/476 465/465/465
f 476/476/476 466/466/466 475/475/475
f 474/474/474 465/465/465 477/477/477
f 465/465/465 476/476/476 477/477/477
f 476/476/476 475/475/475 478/478/478
f 477/477/477 476/476/476 479/479/479
f 476/476/476 478/478/478 479/479/479
f 480/480/480 474/474/474 477/477/477
f 480/480/480 477/477/477 479/479/479
f 480/480/480 479/479/479 478/478/478
f 481/481/481 474/474/474 480/480/480
f 473/473/473 474/474/474 481/481/481
f 480/480/480 482/482/482 481/481/481
f 480/480/480 478/478/478 482/482/482
f 483/483/483 481/481/481 482/482/482
f 473/473/473 481/481/481 483/483/483
f 482/482/482 478/478/478 484/484/484
f 473/473/473 483/483/483 485/485/485
f 472/472/472 473/473/473 486/486/486
f 486/486/486 473/473/473 485/485/485
f 483/483/483 482/482/482 487/487/487
f 485/485/485 483/483/483 487/487/487
f 484/484/484 488/488/488 482/482/482
f 482/482/482 489/489/489 487/487/487
f 482/482/482 488/488/488 489/489/489
f 487/487/487 489/489/489 490/490/490
f 490/490/490 489/489/489 488/488/488
f 491/491/491 485/485/485 487/487/487
f 492/492/492 485/485/485 491/491/491
f 486/486/486 485/485/485 492/492/492
f 493/493/493 487/487/487 490/490/490
f 490/490/490 494/494/494 493/493/493
f 488/488/488 494/494/494 490/490/490
f 494/494/494 488/488/488 495/495/495
f 494/494/494 495/495/495 496/496/496
f 493/493/493 494/494/494 496/496/496
f 497/497/497 487/487/487 493/493/493
f 491/491/491 487/487/487 498/498/498
f 498/498/498 487/487/487 497/497/497
f 499/499/499 493/493/493 496/496/496
f 497/497/497 493/493/493 499/499/499
f 499/499/499 496/496/496 500/500/500
f 496/496/496 495/495/495 500/500/500
f 501/501/501 497/497/497 499/499/499
f 498/498/498 497/497/497 501/501/501
f 502/502/502 499/499/499 500/500/500
f 501/501/501 499/499/499 502/502/502
f 500/500/500 495/495/495 503/503/503
f 502/502/502 504/504/504 501/501/501
f 504/504/504 498/498/498 501/501/501
f 504/504/504 505/505/505 498/498/498
f 491/491/491 498/498/498 505/505/505
f 500/500/500 503/503/503 506/506/506
f 506/506/506 503/503/503 507/507/507
f 508/508/508 500/500/500 506/506/506
f 509/509/509 502/502/502 500/500/500
f 509/509/509 500/500/500 508/508/508
f 510/510/510 506/506/506 507/507/507
f 508/508/508 506/506/506 510/510/510
f 510/510/510 507/507/507 511/511/511
f 512/512/512 502/502/502 509/509/509
f 513/513/513 504/504/504 502/502/502
f 513/513/513 502/502/502 512/512/512
f 509/509/509 514/514/514 512/512/512
f 509/509/509 508/508/508 514/514/514
f 508/508/508 510/510/510 515/515/515
f 514/514/514 508/508/508 515/515/515
f 511/511/511 516/516/516 510/510/510
f 515/515/515 510/510/510 516/516/516
f 517/517/517 512/512/512 514/514/514
f 513/513/513 512/512/512 517/517/517
f 517/517/517 514/514/514 518/518/518
f 518/518/518 514/514/514 515/515/515
f 518/518/518 515/515/515 519/519/519
f 515/515/515 516/516/516 519/519/519
f 519/519/519 516/516/516 520/520/520
f 516/516/516 511/511/511 520/520/520
f 511/511/511 521/521/521 520/520/520
f 520/520/520 521/521/521 522/522/522
f 523/523/523 517/517/517 518/518/518
f 524/524/524 513/513/513 517/517/517
f 524/524/524 517/517/517 523/523/523
f 524/524/524 525/525/525 513/513/513
f 504/504/504 513/513/513 525/525/525
f 526/526/526 524/524/524 523/523/523
f 525/525/525 524/524/524 526/526/526
f 527/527/527 523/523/523 518/518/518
f 526/526/526 523/523/523 527/527/527
f 528/528/528 518/518/518 519/519/519
f 527/527/527 518/518/518 528/528/528
f 520/520/520 522/522/522 529/529/529
f 519/519/519 520/520/520 530/530/530
f 530/530/530 520/520/520 529/529/529
f 529/529/529 522/522/522 531/531/531
f 530/530/530 529/529/529 531/531/531
f 531/531/531 522/522/522 532/532/532
f 533/533/533 525/525/525 526/526/526
f 534/534/534 504/504/504 525/525/525
f 533/533/533 534/534/534 525/525/525
f 505/505/505 504/504/504 534/534/534
f 535/535/535 527/527/527 528/528/528
f 536/536/536 526/526/526 527/527/527
f 536/536/536 527/527/527 535/535/535
f 537/537/537 526/526/526 536/536/536
f 538/538/538 533/533/533 526/526/526
f 537/537/537 538/538/538 526/526/526
f 531/531/531 532/532/532 539/539/539
f 540/540/540 531/531/531 539/539/539
f 540/540/540 530/530/530 531/531/531
f 539/539/539 532/532/532 541/541/541
f 533/533/533 538/538/538 542/542/542
f 543/543/543 534/534/534 533/533/533
f 542/542/542 543/543/543 533/533/533
f 544/544/544 538/538/538 537/537/537
f 544/544/544 542/542/542 538/538/538
f 545/545/545 537/537/537 536/536/536
f 544/544/544 537/537/537 545/545/545
f 546/546/546 536/536/536 535/535/535
f 545/545/545 536/536/536 546/546/546
f 544/544/544 547/547/547 542/542/542
f 548/548/548 543/543/543 542/542/542
f 547/547/547 548/548/548 542/542/542
f 549/549/549 544/544/544 545/545/545
f 549/549/549 547/547/547 544/544/544
f 550/550/550 545/545/545 546/546/546
f 549/549/549 545/545/545 551/551/551
f 550/550/550 551/551/551 545/545/545
f 552/552/552 551/551/551 550/550/550
f 552/552/552 549/549/549 551/551/551
f 539/539/539 541/541/541 553/553/553
f 553/553/553 541/541/541 554/554/554
f 548/548/548 555/555/555 543/543/543
f 555/555/555 534/534/534 543/543/543
f 547/547/547 556/556/556 548/548/548
f 556/556/556 555/555/555 548/548/548
f 549/549/549 557/557/557 547/547/547
f 558/558/558 556/556/556 547/547/547
f 557/557/557 558/558/558 547/547/547
f 559/559/559 556/556/556 558/558/558
f 559/559/559 555/555/555 556/556/556
f 555/555/555 560/560/560 534/534/534
f 560/560/560 555/555/555 559/559/559
f 560/560/560 505/505/505 534/534/534
f 557/557/557 561/561/561 558/558/558
f 562/562/562 559/559/559 558/558/558
f 562/562/562 558/558/558 561/561/561
f 563/563/563 561/561/561 557/557/557
f 564/564/564 562/562/562 561/561/561
f 563/563/563 564/564/564 561/561/561
f 562/562/562 565/565/565 559/559/559
f 564/564/564 565/565/565 562/562/562
f 566/566/566 560/560/560 559/559/559
f 559/559/559 567/567/567 566/566/566
f 565/565/565 567/567/567 559/559/559
f 568/568/568 566/566/566 567/567/567
f 560/560/560 566/566/566 568/568/568
f 505/505/505 560/560/560 569/569/569
f 568/568/568 570/570/570 560/560/560
f 570/570/570 569/569/569 560/560/560
f 569/569/569 491/491/491 505/505/505
f 569/569/569 492/492/492 491/491/491
f 571/571/571 492/492/492 569/569/569
f 570/570/570 571/571/571 569/569/569
f 568/568/568 572/572/572 570/570/570
f 572/572/572 571/571/571 570/570/570
f 571/571/571 486/486/486 492/492/492
f 571/571/571 472/472/472 486/486/486
f 572/572/572 472/472/472 571/571/571
f 568/568/568 573/573/573 572/572/572
f 572/572/572 573/573/573 472/472/472
f 455/455/455 568/568/568 567/567/567
f 455/455/455 573/573/573 568/568/568
f 574/574/574 567/567/567 565/565/565
f 567/567/567 574/574/574 455/455/455
f 573/573/573 462/462/462 472/472/472
f 462/462/462 573/573/573 455/455/455
f 574/574/574 575/575/575 455/455/455
f 576/576/576 455/455/455 575/575/575
f 308/308/308 455/455/455 576/576/576
f 577/577/577 576/576/576 575/575/575
f 308/308/308 576/576/576 577/577/577
f 308/308/308 577/577/577 300/300/300
f 578/578/578 577/577/577 575/575/575
f 300/300/300 577/577/577 578/578/578
f 292/292/292 578/578/578 575/575/575
f 292/292/292 300/300/300 578/578/578
f 579/579/579 575/575/575 574/574/574
f 292/292/292 575/575/575 579/579/579
f 579/579/579 304/304/304 292/292/292
f 579/579/579 574/574/574 580/580/580
f 304/304/304 579/579/579 580/580/580
f 580/580/580 574/574/574 565/565/565
f 580/580/580 565/565/565 564/564/564
f 581/581/581 580/580/580 564/564/564
f 582/582/582 304/304/304 580/580/580
f 582/582/582 580/580/580 581/581/581
f 303/303/303 304/304/304 582/582/582
f 303/303/303 582/582/582 581/581/581
f 583/583/583 581/581/581 564/564/564
f 581/581/581 583/583/583 584/584/584
f 584/584/584 303/303/303 581/581/581
f 564/564/564 563/563/563 583/583/583
f 584/584/584 290/290/290 303/303/303
f 585/585/585 290/290/290 584/584/584
f 585/585/585 277/277/277 290/290/290
f 441/441/441 445/445/445 444/444/444
f 442/442/442 331/331/331 445/445/445
f 442/442/442 443/443/443 331/331/331
f 390/390/390 586/586/586 439/439/439
f 390/390/390 379/379/379 586/586/586
f 379/379/379 374/374/374 586/586/586
f 586/586/586 374/374/374 587/587/587
f 586/586/586 587/587/587 439/439/439
f 439/439/439 588/588/588 443/443/443
f 439/439/439 587/587/587 589/589/589
f 588/588/588 439/439/439 589/589/589
f 443/443/443 590/590/590 331/331/331
f 443/443/443 588/588/588 590/590/590
f 588/588/588 591/591/591 590/590/590
f 588/588/588 589/589/589 591/591/591
f 590/590/590 330/330/330 331/331/331
f 591/591/591 330/330/330 590/590/590
f 331/331/331 320/320/320 445/445/445
f 374/374/374 340/340/340 587/587/587
f 592/592/592 330/330/330 591/591/591
f 592/592/592 591/591/591 589/589/589
f 589/589/589 593/593/593 592/592/592
f 589/589/589 587/587/587 593/593/593
f 587/587/587 338/338/338 593/593/593
f 587/587/587 340/340/340 338/338/338
f 592/592/592 328/328/328 330/330/330
f 593/593/593 328/328/328 592/592/592
f 338/338/338 328/328/328 593/593/593
f 320/320/320 146/146/146 445/445/445
f 445/445/445 146/146/146 145/145/145
f 445/445/445 145/145/145 444/444/444
f 444/444/444 145/145/145 594/594/594
f 594/594/594 145/145/145 147/147/147
f 444/444/444 594/594/594 595/595/595
f 595/595/595 594/594/594 147/147/147
f 595/595/595 147/147/147 141/141/141
f 596/596/596 595/595/595 141/141/141
f 597/597/597 444/444/444 595/595/595
f 597/597/597 595/595/595 596/596/596
f 435/435/435 444/444/444 597/597/597
f 596/596/596 141/141/141 598/598/598
f 598/598/598 141/141/141 130/130/130
f 73/73/73 598/598/598 130/130/130
f 74/74/74 598/598/598 73/73/73
f 74/74/74 599/599/599 598/598/598
f 596/596/596 598/598/598 600/600/600
f 599/599/599 600/600/600 598/598/598
f 601/601/601 600/600/600 599/599/599
f 601/601/601 596/596/596 600/600/600
f 602/602/602 596/596/596 601/601/601
f 602/602/602 597/597/597 596/596/596
f 74/74/74 603/603/603 599/599/599
f 603/603/603 601/601/601 599/599/599
f 603/603/603 74/74/74 60/60/60
f 604/604/604 597/597/597 602/602/602
f 435/435/435 597/597/597 605/605/605
f 604/604/604 605/605/605 597/597/597
f 428/428/428 435/435/435 605/605/605
f 606/606/606 602/602/602 601/601/601
f 606/606/606 604/604/604 602/602/602
f 605/605/605 604/604/604 606/606/606
f 428/428/428 605/605/605 606/606/606
f 607/607/607 601/601/601 603/603/603
f 607/607/607 606/606/606 601/601/601
f 608/608/608 603/603/603 60/60/60
f 607/607/607 603/603/603 608/608/608
f 59/59/59 608/608/608 60/60/60
f 608/608/608 609/609/609 607/607/607
f 609/609/609 606/606/606 607/607/607
f 59/59/59 609/609/609 608/608/608
f 609/609/609 610/610/610 606/606/606
f 428/428/428 606/606/606 610/610/610
f 428/428/428 610/610/610 426/426/426
f 611/611/611 610/610/610 609/609/609
f 426/426/426 610/610/610 611/611/611
f 609/609/609 59/59/59 612/612/612
f 611/611/611 609/609/609 612/612/612
f 612/612/612 59/59/59 52/52/52
f 52/52/52 613/613/613 612/612/612
f 611/611/611 612/612/612 613/613/613
f 613/613/613 52/52/52 34/34/34
f 613/613/613 34/34/34 28/28/28
f 613/613/613 28/28/28 614/614/614
f 611/611/611 613/613/613 614/614/614
f 615/615/615 611/611/611 614/614/614
f 616/616/616 426/426/426 611/611/611
f 615/615/615 616/616/616 611/611/611
f 427/427/427 426/426/426 616/616/616
f 617/617/617 616/616/616 615/615/615
f 427/427/427 616/616/616 617/617/617
f 618/618/618 615/615/615 614/614/614
f 618/618/618 617/617/617 615/615/615
f 614/614/614 28/28/28 619/619/619
f 618/618/618 614/614/614 619/619/619
f 20/20/20 619/619/619 28/28/28
f 13/13/13 618/618/618 619/619/619
f 617/617/617 618/618/618 13/13/13
f 20/20/20 13/13/13 619/619/619
f 14/14/14 617/617/617 13/13/13
f 620/620/620 427/427/427 617/617/617
f 14/14/14 620/620/620 617/617/617
f 620/620/620 621/621/621 427/427/427
f 621/621/621 416/416/416 427/427/427
f 14/14/14 622/622/622 620/620/620
f 622/622/622 621/621/621 620/620/620
f 622/622/622 623/623/623 621/621/621
f 621/621/621 624/624/624 416/416/416
f 624/624/624 621/621/621 623/623/623
f 624/624/624 417/417/417 416/416/416
f 625/625/625 624/624/624 623/623/623
f 624/624/624 625/625/625 417/417/417
f 626/626/626 623/623/623 622/622/622
f 626/626/626 625/625/625 623/623/623
f 422/422/422 417/417/417 625/625/625
f 625/625/625 626/626/626 627/627/627
f 625/625/625 627/627/627 422/422/422
f 628/628/628 626/626/626 622/622/622
f 627/627/627 626/626/626 628/628/628
f 14/14/14 629/629/629 622/622/622
f 629/629/629 628/628/628 622/622/622
f 627/627/627 628/628/628 629/629/629
f 629/629/629 14/14/14 9/9/9
f 627/627/627 629/629/629 9/9/9
f 630/630/630 422/422/422 627/627/627
f 630/630/630 421/421/421 422/422/422
f 631/631/631 630/630/630 627/627/627
f 632/632/632 631/631/631 627/627/627
f 9/9/9 632/632/632 627/627/627
f 631/631/631 633/633/633 630/630/630
f 632/632/632 633/633/633 631/631/631
f 9/9/9 10/10/10 632/632/632
f 632/632/632 634/634/634 633/633/633
f 10/10/10 634/634/634 632/632/632
f 630/630/630 635/635/635 421/421/421
f 630/630/630 636/636/636 635/635/635
f 630/630/630 633/633/633 636/636/636
f 635/635/635 637/637/637 421/421/421
f 636/636/636 637/637/637 635/635/635
f 637/637/637 429/429/429 421/421/421
f 638/638/638 429/429/429 637/637/637
f 638/638/638 637/637/637 636/636/636
f 639/639/639 636/636/636 633/633/633
f 638/638/638 636/636/636 639/639/639
f 634/634/634 640/640/640 633/633/633
f 633/633/633 640/640/640 639/639/639
f 640/640/640 641/641/641 639/639/639
f 641/641/641 638/638/638 639/639/639
f 634/634/634 642/642/642 640/640/640
f 642/642/642 641/641/641 640/640/640
f 10/10/10 643/643/643 634/634/634
f 643/643/643 642/642/642 634/634/634
f 644/644/644 643/643/643 10/10/10
f 645/645/645 429/429/429 638/638/638
f 641/641/641 646/646/646 638/638/638
f 646/646/646 645/645/645 638/638/638
f 429/429/429 645/645/645 248/248/248
f 647/647/647 646/646/646 641/641/641
f 641/641/641 642/642/642 648/648/648
f 648/648/648 647/647/647 641/641/641
f 643/643/643 649/649/649 642/642/642
f 642/642/642 649/649/649 648/648/648
f 646/646/646 650/650/650 645/645/645
f 647/647/647 650/650/650 646/646/646
f 645/645/645 253/253/253 248/248/248
f 650/650/650 253/253/253 645/645/645
f 649/649/649 651/651/651 648/648/648
f 643/643/643 651/651/651 649/649/649
f 652/652/652 253/253/253 650/650/650
f 647/647/647 652/652/652 650/650/650
f 644/644/644 653/653/653 643/643/643
f 653/653/653 654/654/654 643/643/643
f 643/643/643 654/654/654 651/651/651
f 644/644/644 269/269/269 653/653/653
f 647/647/647 655/655/655 652/652/652
f 648/648/648 656/656/656 647/647/647
f 647/647/647 656/656/656 655/655/655
f 657/657/657 656/656/656 648/648/648
f 648/648/648 651/651/651 657/657/657
f 651/651/651 658/658/658 657/657/657
f 658/658/658 651/651/651 654/654/654
f 652/652/652 659/659/659 253/253/253
f 655/655/655 659/659/659 652/652/652
f 657/657/657 660/660/660 656/656/656
f 657/657/657 658/658/658 660/660/660
f 656/656/656 661/661/661 655/655/655
f 656/656/656 660/660/660 661/661/661
f 662/662/662 659/659/659 655/655/655
f 661/661/661 662/662/662 655/655/655
f 654/654/654 663/663/663 658/658/658
f 654/654/654 664/664/664 663/663/663
f 653/653/653 664/664/664 654/654/654
f 658/658/658 665/665/665 660/660/660
f 658/658/658 663/663/663 666/666/666
f 666/666/666 665/665/665 658/658/658
f 663/663/663 667/667/667 666/666/666
f 664/664/664 667/667/667 663/663/663
f 666/666/666 668/668/668 665/665/665
f 666/666/666 667/667/667 668/668/668
f 661/661/661 660/660/660 669/669/669
f 665/665/665 670/670/670 660/660/660
f 660/660/660 670/670/670 669/669/669
f 661/661/661 671/671/671 662/662/662
f 669/669/669 671/671/671 661/661/661
f 662/662/662 672/672/672 659/659/659
f 662/662/662 671/671/671 672/672/672
f 665/665/665 673/673/673 670/670/670
f 668/668/668 673/673/673 665/665/665
f 674/674/674 668/668/668 667/667/667
f 675/675/675 674/674/674 667/667/667
f 664/664/664 675/675/675 667/667/667
f 668/668/668 676/676/676 673/673/673
f 674/674/674 676/676/676 668/668/668
f 675/675/675 677/677/677 674/674/674
f 677/677/677 676/676/676 674/674/674
f 678/678/678 675/675/675 664/664/664
f 675/675/675 678/678/678 677/677/677
f 672/672/672 671/671/671 254/254/254
f 671/671/671 669/669/669 679/679/679
f 671/671/671 679/679/679 254/254/254
f 659/659/659 672/672/672 254/254/254
f 673/673/673 680/680/680 670/670/670
f 673/673/673 676/676/676 681/681/681
f 681/681/681 680/680/680 673/673/673
f 676/676/676 682/682/682 681/681/681
f 676/676/676 677/677/677 682/682/682
f 659/659/659 254/254/254 253/253/253
f 682/682/682 683/683/683 681/681/681
f 677/677/677 684/684/684 682/682/682
f 682/682/682 684/684/684 683/683/683
f 685/685/685 684/684/684 677/677/677
f 686/686/686 685/685/685 677/677/677
f 678/678/678 686/686/686 677/677/677
f 684/684/684 687/687/687 683/683/683
f 688/688/688 687/687/687 684/684/684
f 685/685/685 688/688/688 684/684/684
f 686/686/686 689/689/689 685/685/685
f 690/690/690 688/688/688 685/685/685
f 689/689/689 690/690/690 685/685/685
f 691/691/691 689/689/689 686/686/686
f 691/691/691 690/690/690 689/689/689
f 691/691/691 686/686/686 678/678/678
f 687/687/687 692/692/692 683/683/683
f 688/688/688 693/693/693 687/687/687
f 687/687/687 693/693/693 692/692/692
f 688/688/688 694/694/694 693/693/693
f 695/695/695 694/694/694 688/688/688
f 690/690/690 695/695/695 688/688/688
f 696/696/696 692/692/692 693/693/693
f 693/693/693 694/694/694 696/696/696
f 694/694/694 697/697/697 696/696/696
f 695/695/695 698/698/698 694/694/694
f 694/694/694 698/698/698 697/697/697
f 695/695/695 699/699/699 698/698/698
f 699/699/699 697/697/697 698/698/698
f 690/690/690 700/700/700 695/695/695
f 700/700/700 699/699/699 695/695/695
f 282/282/282 277/277/277 585/585/585
f 701/701/701 584/584/584 583/583/583
f 702/702/702 585/585/585 584/584/584
f 702/702/702 584/584/584 701/701/701
f 703/703/703 585/585/585 702/702/702
f 282/282/282 585/585/585 703/703/703
f 701/701/701 583/583/583 704/704/704
f 702/702/702 701/701/701 704/704/704
f 583/583/583 563/563/563 705/705/705
f 704/704/704 583/583/583 705/705/705
f 261/261/261 282/282/282 703/703/703
f 706/706/706 703/703/703 702/702/702
f 261/261/261 703/703/703 706/706/706
f 702/702/702 704/704/704 707/707/707
f 706/706/706 702/702/702 707/707/707
f 704/704/704 705/705/705 708/708/708
f 707/707/707 704/704/704 708/708/708
f 261/261/261 706/706/706 266/266/266
f 266/266/266 706/706/706 709/709/709
f 706/706/706 707/707/707 710/710/710
f 706/706/706 710/710/710 709/709/709
f 710/710/710 707/707/707 711/711/711
f 711/711/711 707/707/707 708/708/708
f 709/709/709 710/710/710 712/712/712
f 710/710/710 711/711/711 712/712/712
f 711/711/711 708/708/708 712/712/712
f 709/709/709 712/712/712 713/713/713
f 709/709/709 713/713/713 714/714/714
f 266/266/266 709/709/709 714/714/714
f 266/266/266 714/714/714 268/268/268
f 714/714/714 715/715/715 268/268/268
f 714/714/714 713/713/713 715/715/715
f 712/712/712 716/716/716 713/713/713
f 712/712/712 708/708/708 717/717/717
f 712/712/712 717/717/717 716/716/716
f 715/715/715 713/713/713 718/718/718
f 713/713/713 716/716/716 718/718/718
f 716/716/716 719/719/719 718/718/718
f 716/716/716 717/717/717 719/719/719
f 715/715/715 718/718/718 720/720/720
f 715/715/715 720/720/720 721/721/721
f 715/715/715 721/721/721 268/268/268
f 718/718/718 722/722/722 720/720/720
f 718/718/718 719/719/719 723/723/723
f 718/718/718 723/723/723 722/722/722
f 268/268/268 721/721/721 724/724/724
f 268/268/268 724/724/724 267/267/267
f 725/725/725 724/724/724 721/721/721
f 725/725/725 721/721/721 726/726/726
f 720/720/720 726/726/726 721/721/721
f 727/727/727 724/724/724 725/725/725
f 267/267/267 724/724/724 727/727/727
f 720/720/720 728/728/728 726/726/726
f 722/722/722 729/729/729 720/720/720
f 720/720/720 729/729/729 728/728/728
f 725/725/725 726/726/726 730/730/730
f 726/726/726 728/728/728 730/730/730
f 728/728/728 731/731/731 730/730/730
f 729/729/729 731/731/731 728/728/728
f 730/730/730 731/731/731 732/732/732
f 731/731/731 729/729/729 732/732/732
f 729/729/729 733/733/733 732/732/732
f 729/729/729 722/722/722 733/733/733
f 267/267/267 727/727/727 734/734/734
f 267/267/267 734/734/734 269/269/269
f 734/734/734 735/735/735 269/269/269
f 734/734/734 727/727/727 735/735/735
f 727/727/727 736/736/736 735/735/735
f 725/725/725 736/736/736 727/727/727
f 735/735/735 736/736/736 653/653/653
f 269/269/269 735/735/735 653/653/653
f 653/653/653 736/736/736 737/737/737
f 737/737/737 664/664/664 653/653/653
f 738/738/738 737/737/737 736/736/736
f 736/736/736 725/725/725 738/738/738
f 725/725/725 739/739/739 738/738/738
f 739/739/739 725/725/725 730/730/730
f 664/664/664 737/737/737 740/740/740
f 740/740/740 678/678/678 664/664/664
f 740/740/740 737/737/737 741/741/741
f 738/738/738 742/742/742 737/737/737
f 737/737/737 742/742/742 741/741/741
f 740/740/740 743/743/743 678/678/678
f 740/740/740 741/741/741 743/743/743
f 744/744/744 741/741/741 742/742/742
f 742/742/742 738/738/738 744/744/744
f 738/738/738 745/745/745 744/744/744
f 739/739/739 745/745/745 738/738/738
f 741/741/741 746/746/746 743/743/743
f 741/741/741 744/744/744 746/746/746
f 743/743/743 691/691/691 678/678/678
f 746/746/746 691/691/691 743/743/743
f 747/747/747 746/746/746 744/744/744
f 745/745/745 748/748/748 744/744/744
f 744/744/744 748/748/748 747/747/747
f 745/745/745 749/749/749 748/748/748
f 739/739/739 750/750/750 745/745/745
f 745/745/745 750/750/750 749/749/749
f 748/748/748 751/751/751 747/747/747
f 749/749/749 751/751/751 748/748/748
f 746/746/746 747/747/747 752/752/752
f 751/751/751 752/752/752 747/747/747
f 746/746/746 753/753/753 691/691/691
f 746/746/746 752/752/752 753/753/753
f 753/753/753 690/690/690 691/691/691
f 752/752/752 754/754/754 753/753/753
f 752/752/752 751/751/751 754/754/754
f 753/753/753 755/755/755 690/690/690
f 753/753/753 754/754/754 755/755/755
f 751/751/751 756/756/756 754/754/754
f 757/757/757 751/751/751 749/749/749
f 751/751/751 757/757/757 756/756/756
f 749/749/749 758/758/758 757/757/757
f 759/759/759 758/758/758 749/749/749
f 750/750/750 759/759/759 749/749/749
f 739/739/739 759/759/759 750/750/750
f 758/758/758 760/760/760 757/757/757
f 759/759/759 760/760/760 758/758/758
f 730/730/730 759/759/759 739/739/739
f 755/755/755 761/761/761 690/690/690
f 754/754/754 762/762/762 755/755/755
f 755/755/755 762/762/762 761/761/761
f 761/761/761 700/700/700 690/690/690
f 763/763/763 700/700/700 761/761/761
f 762/762/762 763/763/763 761/761/761
f 762/762/762 754/754/754 763/763/763
f 756/756/756 764/764/764 754/754/754
f 754/754/754 764/764/764 763/763/763
f 756/756/756 765/765/765 764/764/764
f 757/757/757 765/765/765 756/756/756
f 766/766/766 765/765/765 757/757/757
f 760/760/760 766/766/766 757/757/757
f 760/760/760 767/767/767 766/766/766
f 759/759/759 767/767/767 760/760/760
f 768/768/768 767/767/767 759/759/759
f 730/730/730 768/768/768 759/759/759
f 764/764/764 769/769/769 763/763/763
f 765/765/765 769/769/769 764/764/764
f 763/763/763 699/699/699 700/700/700
f 730/730/730 770/770/770 768/768/768
f 770/770/770 767/767/767 768/768/768
f 730/730/730 732/732/732 770/770/770
f 770/770/770 771/771/771 767/767/767
f 770/770/770 732/732/732 771/771/771
f 767/767/767 772/772/772 766/766/766
f 771/771/771 772/772/772 767/767/767
f 765/765/765 766/766/766 773/773/773
f 772/772/772 773/773/773 766/766/766
f 765/765/765 774/774/774 769/769/769
f 773/773/773 774/774/774 765/765/765
f 771/771/771 775/775/775 772/772/772
f 732/732/732 775/775/775 771/771/771
f 772/772/772 776/776/776 773/773/773
f 775/775/775 776/776/776 772/772/772
f 775/775/775 777/777/777 776/776/776
f 732/732/732 777/777/777 775/775/775
f 776/776/776 778/778/778 773/773/773
f 776/776/776 777/777/777 779/779/779
f 776/776/776 779/779/779 778/778/778
f 777/777/777 780/780/780 779/779/779
f 781/781/781 780/780/780 777/777/777
f 781/781/781 777/777/777 732/732/732
f 781/781/781 732/732/732 782/782/782
f 733/733/733 782/782/782 732/732/732
f 778/778/778 783/783/783 773/773/773
f 779/779/779 784/784/784 778/778/778
f 778/778/778 784/784/784 783/783/783
f 785/785/785 784/784/784 779/779/779
f 780/780/780 786/786/786 779/779/779
f 786/786/786 785/785/785 779/779/779
f 784/784/784 787/787/787 783/783/783
f 784/784/784 785/785/785 787/787/787
f 780/780/780 788/788/788 786/786/786
f 781/781/781 789/789/789 780/780/780
f 780/780/780 789/789/789 788/788/788
f 782/782/782 790/790/790 781/781/781
f 781/781/781 790/790/790 789/789/789
f 785/785/785 791/791/791 787/787/787
f 786/786/786 792/792/792 785/785/785
f 792/792/792 791/791/791 785/785/785
f 786/786/786 793/793/793 792/792/792
f 788/788/788 793/793/793 786/786/786
f 789/789/789 794/794/794 788/788/788
f 794/794/794 793/793/793 788/788/788
f 790/790/790 795/795/795 789/789/789
f 789/789/789 795/795/795 794/794/794
f 787/787/787 796/796/796 783/783/783
f 791/791/791 797/797/797 787/787/787
f 787/787/787 797/797/797 796/796/796
f 791/791/791 798/798/798 797/797/797
f 798/798/798 791/791/791 792/792/792
f 799/799/799 798/798/798 792/792/792
f 793/793/793 799/799/799 792/792/792
f 793/793/793 800/800/800 799/799/799
f 793/793/793 801/801/801 800/800/800
f 794/794/794 801/801/801 793/793/793
f 794/794/794 802/802/802 801/801/801
f 795/795/795 802/802/802 794/794/794
f 803/803/803 795/795/795 790/790/790
f 803/803/803 802/802/802 795/795/795
f 800/800/800 804/804/804 799/799/799
f 801/801/801 804/804/804 800/800/800
f 801/801/801 805/805/805 804/804/804
f 802/802/802 805/805/805 801/801/801
f 802/802/802 806/806/806 805/805/805
f 803/803/803 806/806/806 802/802/802
f 797/797/797 807/807/807 796/796/796
f 798/798/798 808/808/808 797/797/797
f 797/797/797 808/808/808 807/807/807
f 798/798/798 809/809/809 808/808/808
f 798/798/798 799/799/799 809/809/809
f 809/809/809 799/799/799 810/810/810
f 799/799/799 804/804/804 810/810/810
f 809/809/809 811/811/811 808/808/808
f 809/809/809 810/810/810 811/811/811
f 804/804/804 812/812/812 810/810/810
f 805/805/805 813/813/813 804/804/804
f 804/804/804 813/813/813 812/812/812
f 810/810/810 814/814/814 811/811/811
f 810/810/810 812/812/812 814/814/814
f 812/812/812 815/815/815 814/814/814
f 812/812/812 813/813/813 815/815/815
f 816/816/816 813/813/813 805/805/805
f 805/805/805 806/806/806 817/817/817
f 817/817/817 816/816/816 805/805/805
f 816/816/816 546/546/546 813/813/813
f 813/813/813 546/546/546 815/815/815
f 817/817/817 546/546/546 816/816/816
f 807/807/807 808/808/808 818/818/818
f 808/808/808 811/811/811 819/819/819
f 808/808/808 819/819/819 818/818/818
f 814/814/814 820/820/820 811/811/811
f 815/815/815 821/821/821 814/814/814
f 814/814/814 821/821/821 820/820/820
f 819/819/819 811/811/811 822/822/822
f 811/811/811 820/820/820 823/823/823
f 811/811/811 823/823/823 822/822/822
f 822/822/822 823/823/823 824/824/824
f 823/823/823 820/820/820 824/824/824
f 824/824/824 820/820/820 825/825/825
f 820/820/820 821/821/821 826/826/826
f 826/826/826 825/825/825 820/820/820
f 826/826/826 821/821/821 827/827/827
f 815/815/815 827/827/827 821/821/821
f 546/546/546 535/535/535 815/815/815
f 550/550/550 546/546/546 817/817/817
f 819/819/819 822/822/822 828/828/828
f 822/822/822 824/824/824 829/829/829
f 822/822/822 829/829/829 828/828/828
f 824/824/824 830/830/830 829/829/829
f 830/830/830 824/824/824 825/825/825
f 829/829/829 831/831/831 828/828/828
f 829/829/829 830/830/830 831/831/831
f 826/826/826 832/832/832 825/825/825
f 826/826/826 827/827/827 833/833/833
f 833/833/833 832/832/832 826/826/826
f 692/692/692 696/696/696 834/834/834
f 696/696/696 697/697/697 835/835/835
f 696/696/696 835/835/835 834/834/834
f 692/692/692 834/834/834 836/836/836
f 683/683/683 692/692/692 836/836/836
f 683/683/683 836/836/836 837/837/837
f 834/834/834 837/837/837 836/836/836
f 834/834/834 838/838/838 837/837/837
f 834/834/834 835/835/835 839/839/839
f 834/834/834 839/839/839 838/838/838
f 835/835/835 840/840/840 839/839/839
f 697/697/697 840/840/840 835/835/835
f 840/840/840 697/697/697 841/841/841
f 699/699/699 842/842/842 697/697/697
f 697/697/697 842/842/842 841/841/841
f 837/837/837 838/838/838 843/843/843
f 844/844/844 837/837/837 843/843/843
f 683/683/683 837/837/837 844/844/844
f 844/844/844 843/843/843 845/845/845
f 843/843/843 838/838/838 845/845/845
f 838/838/838 846/846/846 845/845/845
f 846/846/846 838/838/838 847/847/847
f 838/838/838 839/839/839 847/847/847
f 846/846/846 847/847/847 848/848/848
f 845/845/845 846/846/846 848/848/848
f 839/839/839 849/849/849 847/847/847
f 839/839/839 840/840/840 850/850/850
f 839/839/839 850/850/850 849/849/849
f 840/840/840 851/851/851 850/850/850
f 840/840/840 841/841/841 851/851/851
f 851/851/851 841/841/841 852/852/852
f 842/842/842 853/853/853 841/841/841
f 853/853/853 852/852/852 841/841/841
f 854/854/854 845/845/845 848/848/848
f 844/844/844 845/845/845 855/855/855
f 855/855/855 845/845/845 854/854/854
f 848/848/848 847/847/847 856/856/856
f 847/847/847 849/849/849 857/857/857
f 847/847/847 857/857/857 856/856/856
f 848/848/848 858/858/858 854/854/854
f 848/848/848 856/856/856 858/858/858
f 849/849/849 859/859/859 857/857/857
f 849/849/849 850/850/850 859/859/859
f 850/850/850 860/860/860 859/859/859
f 851/851/851 860/860/860 850/850/850
f 851/851/851 861/861/861 860/860/860
f 851/851/851 852/852/852 861/861/861
f 862/862/862 856/856/856 857/857/857
f 857/857/857 859/859/859 862/862/862
f 861/861/861 863/863/863 860/860/860
f 852/852/852 863/863/863 861/861/861
f 860/860/860 864/864/864 859/859/859
f 863/863/863 864/864/864 860/860/860
f 856/856/856 862/862/862 865/865/865
f 862/862/862 859/859/859 865/865/865
f 859/859/859 866/866/866 865/865/865
f 864/864/864 867/867/867 859/859/859
f 859/859/859 867/867/867 866/866/866
f 864/864/864 868/868/868 867/867/867
f 863/863/863 869/869/869 864/864/864
f 864/864/864 869/869/869 868/868/868
f 867/867/867 870/870/870 866/866/866
f 867/867/867 868/868/868 870/870/870
f 868/868/868 871/871/871 870/870/870
f 868/868/868 869/869/869 871/871/871
f 866/866/866 872/872/872 865/865/865
f 866/866/866 873/873/873 872/872/872
f 866/866/866 870/870/870 873/873/873
f 872/872/872 873/873/873 874/874/874
f 870/870/870 874/874/874 873/873/873
f 870/870/870 875/875/875 874/874/874
f 871/871/871 875/875/875 870/870/870
f 876/876/876 875/875/875 871/871/871
f 869/869/869 877/877/877 871/871/871
f 877/877/877 876/876/876 871/871/871
f 865/865/865 872/872/872 878/878/878
f 872/872/872 879/879/879 878/878/878
f 872/872/872 874/874/874 879/879/879
f 874/874/874 880/880/880 879/879/879
f 875/875/875 880/880/880 874/874/874
f 875/875/875 881/881/881 880/880/880
f 875/875/875 876/876/876 881/881/881
f 879/879/879 880/880/880 882/882/882
f 876/876/876 883/883/883 881/881/881
f 876/876/876 884/884/884 883/883/883
f 877/877/877 884/884/884 876/876/876
f 879/879/879 882/882/882 885/885/885
f 886/886/886 879/879/879 885/885/885
f 878/878/878 879/879/879 886/886/886
f 887/887/887 883/883/883 884/884/884
f 877/877/877 888/888/888 884/884/884
f 884/884/884 888/888/888 887/887/887
f 887/887/887 888/888/888 889/889/889
f 890/890/890 878/878/878 886/886/886
f 865/865/865 878/878/878 890/890/890
f 856/856/856 865/865/865 890/890/890
f 891/891/891 890/890/890 886/886/886
f 891/891/891 886/886/886 892/892/892
f 892/892/892 886/886/886 885/885/885
f 892/892/892 885/885/885 893/893/893
f 894/894/894 890/890/890 891/891/891
f 856/856/856 890/890/890 894/894/894
f 891/891/891 892/892/892 895/895/895
f 896/896/896 891/891/891 895/895/895
f 894/894/894 891/891/891 896/896/896
f 897/897/897 892/892/892 893/893/893
f 892/892/892 897/897/897 895/895/895
f 893/893/893 231/231/231 897/897/897
f 895/895/895 897/897/897 230/230/230
f 897/897/897 231/231/231 230/230/230
f 898/898/898 856/856/856 894/894/894
f 858/858/858 856/856/856 898/898/898
f 899/899/899 894/894/894 896/896/896
f 898/898/898 894/894/894 900/900/900
f 894/894/894 899/899/899 900/900/900
f 895/895/895 230/230/230 901/901/901
f 902/902/902 895/895/895 901/901/901
f 896/896/896 895/895/895 902/902/902
f 232/232/232 901/901/901 230/230/230
f 232/232/232 902/902/902 901/901/901
f 902/902/902 903/903/903 896/896/896
f 899/899/899 896/896/896 904/904/904
f 904/904/904 896/896/896 903/903/903
f 905/905/905 899/899/899 904/904/904
f 905/905/905 900/900/900 899/899/899
f 902/902/902 232/232/232 906/906/906
f 903/903/903 902/902/902 906/906/906
f 904/904/904 903/903/903 907/907/907
f 905/905/905 904/904/904 907/907/907
f 905/905/905 907/907/907 908/908/908
f 900/900/900 905/905/905 908/908/908
f 908/908/908 909/909/909 900/900/900
f 909/909/909 898/898/898 900/900/900
f 903/903/903 906/906/906 910/910/910
f 907/907/907 903/903/903 911/911/911
f 903/903/903 910/910/910 911/911/911
f 912/912/912 911/911/911 910/910/910
f 907/907/907 911/911/911 912/912/912
f 913/913/913 907/907/907 912/912/912
f 908/908/908 907/907/907 913/913/913
f 912/912/912 910/910/910 914/914/914
f 910/910/910 906/906/906 914/914/914
f 906/906/906 232/232/232 227/227/227
f 906/906/906 227/227/227 914/914/914
f 915/915/915 913/913/913 912/912/912
f 908/908/908 913/913/913 915/915/915
f 154/154/154 912/912/912 914/914/914
f 916/916/916 912/912/912 154/154/154
f 916/916/916 915/915/915 912/912/912
f 917/917/917 909/909/909 908/908/908
f 917/917/917 898/898/898 909/909/909
f 917/917/917 858/858/858 898/898/898
f 914/914/914 227/227/227 226/226/226
f 154/154/154 914/914/914 160/160/160
f 160/160/160 914/914/914 226/226/226
f 918/918/918 916/916/916 154/154/154
f 919/919/919 915/915/915 916/916/916
f 919/919/919 916/916/916 918/918/918
f 920/920/920 915/915/915 919/919/919
f 920/920/920 908/908/908 915/915/915
f 921/921/921 908/908/908 920/920/920
f 917/917/917 908/908/908 921/921/921
f 921/921/921 922/922/922 917/917/917
f 923/923/923 858/858/858 917/917/917
f 923/923/923 917/917/917 922/922/922
f 854/854/854 858/858/858 923/923/923
f 924/924/924 923/923/923 922/922/922
f 854/854/854 923/923/923 924/924/924
f 922/922/922 921/921/921 925/925/925
f 924/924/924 922/922/922 925/925/925
f 921/921/921 920/920/920 926/926/926
f 925/925/925 921/921/921 926/926/926
f 927/927/927 920/920/920 919/919/919
f 927/927/927 926/926/926 920/920/920
f 924/924/924 925/925/925 927/927/927
f 925/925/925 926/926/926 927/927/927
f 928/928/928 919/919/919 918/918/918
f 929/929/929 927/927/927 919/919/919
f 929/929/929 919/919/919 928/928/928
f 930/930/930 927/927/927 929/929/929
f 931/931/931 924/924/924 927/927/927
f 931/931/931 927/927/927 930/930/930
f 932/932/932 924/924/924 931/931/931
f 933/933/933 854/854/854 924/924/924
f 932/932/932 933/933/933 924/924/924
f 933/933/933 855/855/855 854/854/854
f 934/934/934 932/932/932 931/931/931
f 930/930/930 934/934/934 931/931/931
f 935/935/935 932/932/932 934/934/934
f 935/935/935 933/933/933 932/932/932
f 936/936/936 933/933/933 935/935/935
f 933/933/933 936/936/936 855/855/855
f 929/929/929 937/937/937 930/930/930
f 934/934/934 930/930/930 938/938/938
f 938/938/938 930/930/930 937/937/937
f 937/937/937 929/929/929 939/939/939
f 939/939/939 938/938/938 937/937/937
f 939/939/939 929/929/929 940/940/940
f 940/940/940 929/929/929 928/928/928
f 934/934/934 938/938/938 941/941/941
f 680/680/680 935/935/935 934/934/934
f 941/941/941 680/680/680 934/934/934
f 681/681/681 935/935/935 680/680/680
f 935/935/935 942/942/942 936/936/936
f 935/935/935 681/681/681 942/942/942
f 942/942/942 943/943/943 936/936/936
f 936/936/936 943/943/943 855/855/855
f 681/681/681 944/944/944 942/942/942
f 944/944/944 943/943/943 942/942/942
f 680/680/680 941/941/941 670/670/670
f 941/941/941 938/938/938 945/945/945
f 670/670/670 941/941/941 945/945/945
f 946/946/946 938/938/938 939/939/939
f 945/945/945 938/938/938 946/946/946
f 670/670/670 945/945/945 946/946/946
f 681/681/681 683/683/683 944/944/944
f 944/944/944 947/947/947 943/943/943
f 944/944/944 683/683/683 947/947/947
f 943/943/943 947/947/947 855/855/855
f 855/855/855 947/947/947 844/844/844
f 683/683/683 844/844/844 947/947/947
f 670/670/670 946/946/946 669/669/669
f 946/946/946 948/948/948 669/669/669
f 948/948/948 946/946/946 939/939/939
f 669/669/669 948/948/948 679/679/679
f 679/679/679 948/948/948 949/949/949
f 939/939/939 950/950/950 948/948/948
f 949/949/949 948/948/948 950/950/950
f 950/950/950 939/939/939 940/940/940
f 950/950/950 951/951/951 949/949/949
f 940/940/940 951/951/951 950/950/950
f 679/679/679 949/949/949 952/952/952
f 254/254/254 679/679/679 952/952/952
f 952/952/952 949/949/949 953/953/953
f 949/949/949 951/951/951 954/954/954
f 949/949/949 954/954/954 953/953/953
f 254/254/254 952/952/952 249/249/249
f 952/952/952 953/953/953 249/249/249
f 953/953/953 954/954/954 249/249/249
f 940/940/940 955/955/955 951/951/951
f 940/940/940 928/928/928 955/955/955
f 918/918/918 955/955/955 928/928/928
f 956/956/956 951/951/951 955/955/955
f 918/918/918 956/956/956 955/955/955
f 951/951/951 957/957/957 954/954/954
f 957/957/957 951/951/951 956/956/956
f 956/956/956 958/958/958 957/957/957
f 956/956/956 918/918/918 958/958/958
f 958/958/958 918/918/918 154/154/154
f 957/957/957 958/958/958 152/152/152
f 152/152/152 958/958/958 154/154/154
f 249/249/249 954/954/954 158/158/158
f 954/954/954 156/156/156 158/158/158
f 954/954/954 957/957/957 156/156/156
f 957/957/957 151/151/151 156/156/156
f 957/957/957 152/152/152 151/151/151
f 825/825/825 832/832/832 959/959/959
f 832/832/832 833/833/833 959/959/959
f 830/830/830 825/825/825 960/960/960
f 825/825/825 959/959/959 960/960/960
f 830/830/830 961/961/961 831/831/831
f 830/830/830 960/960/960 961/961/961
f 831/831/831 961/961/961 962/962/962
f 962/962/962 828/828/828 831/831/831
f 833/833/833 963/963/963 959/959/959
f 827/827/827 963/963/963 833/833/833
f 828/828/828 962/962/962 964/964/964
f 819/819/819 828/828/828 964/964/964
f 960/960/960 959/959/959 539/539/539
f 959/959/959 963/963/963 540/540/540
f 959/959/959 540/540/540 539/539/539
f 961/961/961 960/960/960 965/965/965
f 965/965/965 960/960/960 966/966/966
f 960/960/960 539/539/539 966/966/966
f 962/962/962 961/961/961 967/967/967
f 967/967/967 961/961/961 968/968/968
f 965/965/965 968/968/968 961/961/961
f 962/962/962 967/967/967 969/969/969
f 970/970/970 962/962/962 969/969/969
f 970/970/970 964/964/964 962/962/962
f 964/964/964 970/970/970 971/971/971
f 819/819/819 964/964/964 971/971/971
f 969/969/969 967/967/967 972/972/972
f 967/967/967 968/968/968 972/972/972
f 968/968/968 973/973/973 972/972/972
f 968/968/968 965/965/965 973/973/973
f 965/965/965 974/974/974 973/973/973
f 965/965/965 966/966/966 974/974/974
f 966/966/966 975/975/975 974/974/974
f 966/966/966 539/539/539 975/975/975
f 975/975/975 539/539/539 553/553/553
f 553/553/553 974/974/974 975/975/975
f 973/973/973 976/976/976 972/972/972
f 973/973/973 974/974/974 976/976/976
f 974/974/974 977/977/977 976/976/976
f 974/974/974 553/553/553 977/977/977
f 977/977/977 554/554/554 976/976/976
f 977/977/977 553/553/553 554/554/554
f 969/969/969 972/972/972 978/978/978
f 979/979/979 969/969/969 978/978/978
f 979/979/979 970/970/970 969/969/969
f 980/980/980 970/970/970 979/979/979
f 971/971/971 970/970/970 980/980/980
f 976/976/976 554/554/554 981/981/981
f 978/978/978 972/972/972 982/982/982
f 972/972/972 983/983/983 982/982/982
f 972/972/972 976/976/976 983/983/983
f 983/983/983 976/976/976 984/984/984
f 976/976/976 981/981/981 984/984/984
f 983/983/983 985/985/985 982/982/982
f 983/983/983 984/984/984 985/985/985
f 985/985/985 984/984/984 986/986/986
f 984/984/984 981/981/981 986/986/986
f 979/979/979 978/978/978 987/987/987
f 988/988/988 979/979/979 987/987/987
f 980/980/980 979/979/979 988/988/988
f 988/988/988 987/987/987 989/989/989
f 987/987/987 978/978/978 989/989/989
f 989/989/989 978/978/978 990/990/990
f 991/991/991 978/978/978 982/982/982
f 990/990/990 978/978/978 991/991/991
f 991/991/991 982/982/982 992/992/992
f 982/982/982 993/993/993 992/992/992
f 982/982/982 985/985/985 993/993/993
f 993/993/993 985/985/985 994/994/994
f 985/985/985 986/986/986 994/994/994
f 994/994/994 986/986/986 995/995/995
f 990/990/990 991/991/991 996/996/996
f 991/991/991 992/992/992 996/996/996
f 997/997/997 992/992/992 993/993/993
f 996/996/996 992/992/992 997/997/997
f 994/994/994 995/995/995 998/998/998
f 993/993/993 994/994/994 999/999/999
f 994/994/994 998/998/998 999/999/999
f 1000/1000/1000 993/993/993 999/999/999
f 1000/1000/1000 997/997/997 993/993/993
f 999/999/999 1001/1001/1001 1000/1000/1000
f 999/999/999 998/998/998 1001/1001/1001
f 989/989/989 990/990/990 1002/1002/1002
f 990/990/990 996/996/996 1003/1003/1003
f 990/990/990 1003/1003/1003 1002/1002/1002
f 1003/1003/1003 996/996/996 1004/1004/1004
f 996/996/996 997/997/997 1005/1005/1005
f 1004/1004/1004 996/996/996 1005/1005/1005
f 997/997/997 1000/1000/1000 1006/1006/1006
f 1005/1005/1005 997/997/997 1006/1006/1006
f 1005/1005/1005 1006/1006/1006 1004/1004/1004
f 1007/1007/1007 1000/1000/1000 1001/1001/1001
f 1006/1006/1006 1000/1000/1000 1007/1007/1007
f 1008/1008/1008 1003/1003/1003 1004/1004/1004
f 1008/1008/1008 1002/1002/1002 1003/1003/1003
f 1009/1009/1009 1006/1006/1006 1007/1007/1007
f 1009/1009/1009 1004/1004/1004 1006/1006/1006
f 1004/1004/1004 1009/1009/1009 1010/1010/1010
f 1010/1010/1010 1008/1008/1008 1004/1004/1004
f 1009/1009/1009 1007/1007/1007 1011/1011/1011
f 1011/1011/1011 1007/1007/1007 1001/1001/1001
f 1008/1008/1008 1010/1010/1010 1012/1012/1012
f 1002/1002/1002 1008/1008/1008 1012/1012/1012
f 1011/1011/1011 1001/1001/1001 1013/1013/1013
f 1001/1001/1001 998/998/998 1013/1013/1013
f 1013/1013/1013 998/998/998 889/889/889
f 1013/1013/1013 889/889/889 888/888/888
f 1014/1014/1014 1013/1013/1013 888/888/888
f 1011/1011/1011 1013/1013/1013 1014/1014/1014
f 1015/1015/1015 1011/1011/1011 1014/1014/1014
f 1009/1009/1009 1011/1011/1011 1015/1015/1015
f 1014/1014/1014 888/888/888 877/877/877
f 1015/1015/1015 1014/1014/1014 877/877/877
f 1016/1016/1016 1009/1009/1009 1015/1015/1015
f 1017/1017/1017 1010/1010/1010 1009/1009/1009
f 1016/1016/1016 1017/1017/1017 1009/1009/1009
f 1018/1018/1018 1010/1010/1010 1017/1017/1017
f 1012/1012/1012 1010/1010/1010 1018/1018/1018
f 1019/1019/1019 1015/1015/1015 877/877/877
f 1019/1019/1019 1016/1016/1016 1015/1015/1015
f 1020/1020/1020 1017/1017/1017 1016/1016/1016
f 1018/1018/1018 1017/1017/1017 1020/1020/1020
f 1021/1021/1021 1016/1016/1016 1019/1019/1019
f 1020/1020/1020 1016/1016/1016 1021/1021/1021
f 869/869/869 1019/1019/1019 877/877/877
f 869/869/869 1021/1021/1021 1019/1019/1019
f 1021/1021/1021 869/869/869 1022/1022/1022
f 1020/1020/1020 1021/1021/1021 1022/1022/1022
f 863/863/863 1022/1022/1022 869/869/869
f 852/852/852 1022/1022/1022 863/863/863
f 852/852/852 1020/1020/1020 1022/1022/1022
f 852/852/852 1023/1023/1023 1020/1020/1020
f 1023/1023/1023 1018/1018/1018 1020/1020/1020
f 1012/1012/1012 1018/1018/1018 1023/1023/1023
f 1023/1023/1023 852/852/852 853/853/853
f 1024/1024/1024 1023/1023/1023 853/853/853
f 1024/1024/1024 1012/1012/1012 1023/1023/1023
f 842/842/842 1024/1024/1024 853/853/853
f 1025/1025/1025 1024/1024/1024 842/842/842
f 1025/1025/1025 1012/1012/1012 1024/1024/1024
f 699/699/699 1025/1025/1025 842/842/842
f 699/699/699 1026/1026/1026 1025/1025/1025
f 1025/1025/1025 1027/1027/1027 1012/1012/1012
f 1026/1026/1026 1027/1027/1027 1025/1025/1025
f 1002/1002/1002 1012/1012/1012 1027/1027/1027
f 1026/1026/1026 1028/1028/1028 1027/1027/1027
f 1027/1027/1027 1028/1028/1028 1002/1002/1002
f 1029/1029/1029 1026/1026/1026 699/699/699
f 1029/1029/1029 1028/1028/1028 1026/1026/1026
f 763/763/763 1029/1029/1029 699/699/699
f 1030/1030/1030 1029/1029/1029 763/763/763
f 1030/1030/1030 1028/1028/1028 1029/1029/1029
f 769/769/769 1030/1030/1030 763/763/763
f 1031/1031/1031 1030/1030/1030 769/769/769
f 1031/1031/1031 1028/1028/1028 1030/1030/1030
f 769/769/769 774/774/774 1031/1031/1031
f 1032/1032/1032 1031/1031/1031 774/774/774
f 1031/1031/1031 1032/1032/1032 1028/1028/1028
f 1028/1028/1028 1033/1033/1033 1002/1002/1002
f 1028/1028/1028 1032/1032/1032 1033/1033/1033
f 1033/1033/1033 989/989/989 1002/1002/1002
f 1033/1033/1033 1034/1034/1034 989/989/989
f 1032/1032/1032 1034/1034/1034 1033/1033/1033
f 1032/1032/1032 1035/1035/1035 1034/1034/1034
f 1035/1035/1035 1032/1032/1032 774/774/774
f 773/773/773 1035/1035/1035 774/774/774
f 1034/1034/1034 988/988/988 989/989/989
f 1034/1034/1034 1036/1036/1036 988/988/988
f 1035/1035/1035 1037/1037/1037 1034/1034/1034
f 1034/1034/1034 1037/1037/1037 1036/1036/1036
f 1036/1036/1036 980/980/980 988/988/988
f 1035/1035/1035 1038/1038/1038 1037/1037/1037
f 1039/1039/1039 1038/1038/1038 1035/1035/1035
f 773/773/773 1039/1039/1039 1035/1035/1035
f 1040/1040/1040 1036/1036/1036 1037/1037/1037
f 1040/1040/1040 1037/1037/1037 1038/1038/1038
f 1040/1040/1040 1041/1041/1041 1036/1036/1036
f 1041/1041/1041 980/980/980 1036/1036/1036
f 773/773/773 783/783/783 1039/1039/1039
f 818/818/818 1041/1041/1041 1040/1040/1040
f 1038/1038/1038 818/818/818 1040/1040/1040
f 1039/1039/1039 807/807/807 1038/1038/1038
f 1038/1038/1038 807/807/807 818/818/818
f 1039/1039/1039 783/783/783 796/796/796
f 796/796/796 807/807/807 1039/1039/1039
f 971/971/971 980/980/980 1041/1041/1041
f 1042/1042/1042 971/971/971 1041/1041/1041
f 818/818/818 1042/1042/1042 1041/1041/1041
f 819/819/819 971/971/971 1042/1042/1042
f 818/818/818 819/819/819 1042/1042/1042
f 782/782/782 803/803/803 790/790/790
f 782/782/782 1043/1043/1043 803/803/803
f 1044/1044/1044 1043/1043/1043 782/782/782
f 1044/1044/1044 782/782/782 733/733/733
f 722/722/722 1044/1044/1044 733/733/733
f 722/722/722 1045/1045/1045 1044/1044/1044
f 1045/1045/1045 1043/1043/1043 1044/1044/1044
f 1043/1043/1043 1046/1046/1046 803/803/803
f 1045/1045/1045 1046/1046/1046 1043/1043/1043
f 723/723/723 1045/1045/1045 722/722/722
f 1046/1046/1046 1047/1047/1047 803/803/803
f 1047/1047/1047 806/806/806 803/803/803
f 1046/1046/1046 1048/1048/1048 1047/1047/1047
f 1045/1045/1045 1048/1048/1048 1046/1046/1046
f 1045/1045/1045 723/723/723 1049/1049/1049
f 1045/1045/1045 1049/1049/1049 1048/1048/1048
f 1048/1048/1048 1050/1050/1050 1047/1047/1047
f 1049/1049/1049 1050/1050/1050 1048/1048/1048
f 1047/1047/1047 1051/1051/1051 806/806/806
f 1050/1050/1050 1051/1051/1051 1047/1047/1047
f 719/719/719 1049/1049/1049 723/723/723
f 719/719/719 1052/1052/1052 1049/1049/1049
f 1052/1052/1052 1050/1050/1050 1049/1049/1049
f 719/719/719 1053/1053/1053 1052/1052/1052
f 1053/1053/1053 1050/1050/1050 1052/1052/1052
f 717/717/717 1053/1053/1053 719/719/719
f 708/708/708 1053/1053/1053 717/717/717
f 1051/1051/1051 1054/1054/1054 806/806/806
f 1051/1051/1051 1050/1050/1050 550/550/550
f 1051/1051/1051 550/550/550 1054/1054/1054
f 806/806/806 1054/1054/1054 817/817/817
f 550/550/550 817/817/817 1054/1054/1054
f 1050/1050/1050 1055/1055/1055 550/550/550
f 1056/1056/1056 1050/1050/1050 1053/1053/1053
f 1050/1050/1050 1056/1056/1056 1055/1055/1055
f 1053/1053/1053 1057/1057/1057 1056/1056/1056
f 708/708/708 1057/1057/1057 1053/1053/1053
f 708/708/708 705/705/705 1057/1057/1057
f 1057/1057/1057 1058/1058/1058 1056/1056/1056
f 705/705/705 1058/1058/1058 1057/1057/1057
f 1056/1056/1056 1059/1059/1059 1055/1055/1055
f 1058/1058/1058 1059/1059/1059 1056/1056/1056
f 1055/1055/1055 552/552/552 550/550/550
f 1055/1055/1055 1060/1060/1060 552/552/552
f 1059/1059/1059 1060/1060/1060 1055/1055/1055
f 1060/1060/1060 549/549/549 552/552/552
f 1059/1059/1059 549/549/549 1060/1060/1060
f 1059/1059/1059 557/557/557 549/549/549
f 1058/1058/1058 557/557/557 1059/1059/1059
f 1058/1058/1058 563/563/563 557/557/557
f 705/705/705 563/563/563 1058/1058/1058
f 1061/1061/1061 540/540/540 963/963/963
f 1061/1061/1061 530/530/530 540/540/540
f 519/519/519 530/530/530 1061/1061/1061
f 963/963/963 1062/1062/1062 1061/1061/1061
f 1062/1062/1062 519/519/519 1061/1061/1061
f 1063/1063/1063 1062/1062/1062 963/963/963
f 1064/1064/1064 519/519/519 1062/1062/1062
f 1063/1063/1063 1064/1064/1064 1062/1062/1062
f 1063/1063/1063 963/963/963 827/827/827
f 528/528/528 519/519/519 1064/1064/1064
f 1063/1063/1063 535/535/535 1064/1064/1064
f 528/528/528 1064/1064/1064 535/535/535
f 1063/1063/1063 827/827/827 815/815/815
f 535/535/535 1063/1063/1063 815/815/815
